,rank,image,name,company,marketCap,fullyDilutedMarketCap,yesterday_low,yesterday_high,yesterday_open,yesterday_close,yesterday_change,yesterday_volume,price,volume_24h,volume24hInMarketCap,dominance,circulatingSupply,maxSupplyValue,totalSupplyValue,price_change_24h,high_24h,low_24h,high_7d,low_7d,high_30d,low_30d,high_90d,low_90d,high_52w,low_52w,high_all_time,low_all_time,high_all_time_date,low_all_time_date,date
0,1,https://s2.coinmarketcap.com/static/img/coins/64x64/1.png,Bitcoin,BTC,"$706,556,490,751.72","$783,376,849,335.42","$35,779.43","$37,444.57","$36,654.81","$36,954.00",0.82%,"$26,428,189,593.82","$37,303.66","$29,338,176,193.52",0.04152,41.77%,"18,940,675","21,000,000","18,940,675",$386.22,"$38,825.41","$36,544.27","$43,413.02","$33,184.06","$43,413.02","$33,184.06","$68,789.63","$33,184.06","$68,789.63","$28,893.62","$68,789.63",$65.53,"Nov 10, 2021","Jul 05, 2013",2022-01-26 21:25:36.148677
1,2,https://s2.coinmarketcap.com/static/img/coins/64x64/1027.png,Ethereum,ETH,"$301,771,915,064.01","$301,771,915,064.01","$2,359.38","$2,498.51","$2,440.39","$2,455.93",0.64%,"$16,179,776,931.53","$2,529.02","$19,328,025,741.05",0.06405,17.82%,"119,323,461",No,"119,323,461",$71.19,"$2,705.78","$2,412.92","$3,265.34","$2,172.30","$3,265.34","$2,172.30","$4,891.70","$2,172.30","$4,891.70","$1,215.31","$4,891.70",$0.4209,"Nov 16, 2021","Oct 21, 2015",2022-01-26 21:25:38.781647
2,4,https://s2.coinmarketcap.com/static/img/coins/64x64/1839.png,BNB,BNB,"$62,941,285,807.39","$62,941,285,468.13",$358.08,$387.18,$371.39,$384.62,3.56%,"$2,325,661,159.22",$381.19,"$2,116,398,421.88",0.03362,3.72%,"165,116,761","165,116,760","165,116,761",$-0.9591,$400.15,$377.74,$478.35,$337.85,$478.35,$337.85,$669.35,$337.85,$690.93,$39.73,$690.93,$0.09611,"May 10, 2021","Aug 01, 2017",2022-01-26 21:25:41.155103
3,6,https://s2.coinmarketcap.com/static/img/coins/64x64/2010.png,Cardano,ADA,"$37,051,533,287.50","$49,691,920,334.55",$0.9982,$1.07,$1.07,$1.04,2.15%,"$1,766,326,154.86",$1.10,"$2,142,255,671.34",0.05782,2.19%,"33,553,120,642","45,000,000,000","34,027,415,099",$0.05521,$1.15,$1.02,$1.42,$0.9334,$1.42,$0.9334,$2.38,$0.9334,$3.10,$0.3055,$3.10,$0.01735,"Sep 02, 2021","Oct 01, 2017",2022-01-26 21:25:44.629265
4,8,https://s2.coinmarketcap.com/static/img/coins/64x64/5426.png,Solana,SOL,"$29,939,991,557.52","$48,632,949,861.32",$87.76,$99.70,$91.66,$94.72,3.34%,"$2,842,652,331.84",$95.06,"$2,915,832,529.03",0.09739,1.77%,"314,967,673",No,"511,616,946",$-0.2339,$103.72,$91.98,$143.62,$81.23,$143.62,$81.23,$260.06,$81.23,$260.06,$3.53,$260.06,$0.5052,"Nov 06, 2021","May 11, 2020",2022-01-26 21:25:46.828092
5,7,https://s2.coinmarketcap.com/static/img/coins/64x64/52.png,XRP,XRP,"$29,787,180,083.61","$62,398,623,782.82",$0.5899,$0.6212,$0.6121,$0.6176,0.89%,"$1,731,121,388.29",$0.624,"$2,136,855,014.58",0.07174,1.76%,"47,736,918,345","100,000,000,000","99,989,798,601",$0.01431,$0.6525,$0.6037,$0.7616,$0.5587,$0.7616,$0.5587,$1.35,$0.5587,$1.96,$0.2455,$3.84,$0.002802,"Jan 04, 2018","Jul 07, 2014",2022-01-26 21:25:49.081661
6,9,https://s2.coinmarketcap.com/static/img/coins/64x64/1.png,Terra,LUNA,"$24,695,849,278.66","$50,377,539,133.77",$62.02,$66.74,$65.97,$62.83,4.77%,"$2,595,272,076.94",$61.47,"$2,720,629,232.29",0.1102,1.46%,"401,775,271",No,"819,589,122",$-3.15,$66.18,$60.83,$84.83,$54.35,$84.83,$54.35,$103.33,$37.92,$103.33,$1.11,$103.33,$0.1201,"Dec 27, 2021","Mar 13, 2020",2022-01-26 21:25:51.686860
7,10,https://s2.coinmarketcap.com/static/img/coins/64x64/74.png,Dogecoin,DOGE,"$19,486,947,480.37","$19,486,947,480.37",$0.1332,$0.1472,$0.1378,$0.143,3.82%,"$1,347,567,749.97",$0.1469,"$1,200,678,430.20",0.06161,1.15%,"132,670,764,300",No,"132,670,764,300",$0.004136,$0.1526,$0.1409,$0.1688,$0.1228,$0.1688,$0.1228,$0.3063,$0.1228,$0.7376,$0.007294,$0.7376,$0.00008547,"May 08, 2021","May 07, 2015",2022-01-26 21:25:54.029595
8,11,https://s2.coinmarketcap.com/static/img/coins/64x64/1.png,Polkadot,DOT,"$18,421,489,105.56","$20,580,111,967.08",$17.44,$19.01,$18.04,$18.35,1.73%,"$1,511,107,520.19",$18.65,"$1,573,822,799.44",0.08543,1.09%,"987,579,315",No,"1,103,303,471",$0.0225,$19.94,$18.28,$25.56,$15.98,$25.56,$15.98,$55.00,$15.98,$55.00,$10.42,$55.00,$2.69,"Nov 04, 2021","Aug 20, 2020",2022-01-26 21:25:57.931993
9,12,https://s2.coinmarketcap.com/static/img/coins/64x64/5805.png,Avalanche,AVAX,"$16,594,289,429.40","$26,831,242,522.36",$61.89,$70.34,$62.90,$67.90,7.95%,"$994,124,979.45",$67.77,"$1,133,893,515.84",0.06833,0.98%,"244,846,456",No,"395,891,290",$-0.4778,$72.92,$66.51,$87.64,$53.94,$87.64,$53.94,$146.22,$53.94,$146.22,$9.34,$146.22,$2.79,"Nov 21, 2021","Dec 31, 2020",2022-01-26 21:26:00.259851
10,14,https://s2.coinmarketcap.com/static/img/coins/64x64/3890.png,Polygon,MATIC,"$12,388,750,006.71","$16,633,900,106.16",$1.42,$1.61,$1.51,$1.56,3.37%,"$1,547,658,921.80",$1.66,"$2,053,777,251.20",0.1658,0.73%,"7,447,892,513","10,000,000,000","10,000,000,000",$0.1036,$1.81,$1.53,$2.19,$1.31,$2.19,$1.31,$2.92,$1.31,$2.92,$0.03626,$2.92,$0.003012,"Dec 27, 2021","May 09, 2019",2022-01-26 21:26:04.020162
11,16,https://s2.coinmarketcap.com/static/img/coins/64x64/7129.png,TerraUSD,UST,"$11,213,983,530.08","$11,213,983,530.08",$0.9949,$1.00,$1.00,$1.00,0.01%,"$401,486,401.69",$1.00,"$455,771,512.10",0.04064,0.66%,"11,198,278,863",No,"11,198,278,863",$0.00409,$1.00,$0.9948,$1.01,$0.9947,$1.01,$0.9947,$1.04,$0.9671,$1.05,$0.9186,$1.05,$0.7929,"Jan 30, 2021","Dec 30, 2020",2022-01-26 21:26:06.428164
12,20,https://s2.coinmarketcap.com/static/img/coins/64x64/3794.png,Cosmos,ATOM,"$9,435,025,793.56",NaN,$35.06,$37.09,$35.90,$35.80,0.27%,"$2,514,518,995.39",$32.95,"$2,167,354,981.12",0.2297,0.56%,"286,370,297",No,No,$-2.59,$36.00,$32.95,$42.01,$27.75,$42.01,$27.75,$44.52,$20.29,$44.70,$6.79,$44.70,$1.13,"Sep 20, 2021","Mar 13, 2020",2022-01-26 21:26:09.993316
13,21,https://s2.coinmarketcap.com/static/img/coins/64x64/2.png,Litecoin,LTC,"$7,651,583,585.18","$9,247,819,819.47",$106.34,$109.68,$109.59,$108.07,1.39%,"$909,091,095.58",$110.09,"$990,265,319.56",0.1294,0.45%,"69,501,032","84,000,000","84,000,000",$2.23,$115.78,$107.05,$142.53,$98.67,$142.53,$98.67,$294.56,$98.67,$412.96,$98.67,$412.96,$1.11,"May 10, 2021","Jan 14, 2015",2022-01-26 21:26:12.905728
14,23,https://s2.coinmarketcap.com/static/img/coins/64x64/1.png,NEAR Protocol,NEAR,"$7,265,054,021.54","$11,690,910,876.71",$10.02,$12.42,$10.70,$12.15,13.53%,"$927,723,142.46",$11.69,"$1,059,737,207.72",0.1459,0.43%,"621,427,543","1,000,000,000","1,000,000,000",$-0.3145,$12.84,$11.47,$17.50,$9.57,$17.50,$9.57,$20.42,$6.22,$20.42,$1.55,$20.42,$0.526,"Jan 16, 2022","Nov 04, 2020",2022-01-26 21:26:16.614709
15,25,https://s2.coinmarketcap.com/static/img/coins/64x64/4030.png,Algorand,ALGO,"$6,168,595,123.53","$9,422,492,332.25",$0.8709,$0.9403,$0.9179,$0.9293,1.25%,"$299,595,308.74",$0.9422,"$357,558,842.61",0.05796,0.36%,"6,546,670,356","10,000,000,000","6,986,474,837",$0.02996,$0.9896,$0.8932,$1.32,$0.8082,$1.32,$0.8082,$2.83,$0.8082,$2.83,$0.5263,$3.28,$0.1024,"Jun 21, 2019","Mar 13, 2020",2022-01-26 21:26:18.854199
16,26,https://s2.coinmarketcap.com/static/img/coins/64x64/3513.png,Fantom,FTM,"$5,865,203,323.80","$7,317,082,378.39",$2.17,$2.46,$2.25,$2.38,5.58%,"$1,823,467,990.40",$2.30,"$1,944,603,171.93",0.3315,0.35%,"2,545,006,273","3,175,000,000","2,545,006,273",$-0.07715,$2.52,$2.28,$3.02,$1.81,$3.02,$1.81,$3.36,$1.18,$3.48,$0.06521,$3.48,$0.001953,"Oct 28, 2021","Mar 13, 2020",2022-01-26 21:26:21.069189
17,27,https://s2.coinmarketcap.com/static/img/coins/64x64/1958.png,TRON,TRX,"$5,740,847,674.76","$5,740,847,683.51",$0.05445,$0.05604,$0.05505,$0.05587,1.5%,"$1,109,217,821.64",$0.05639,"$1,035,271,276.69",0.1803,0.34%,"101,805,471,138",No,"101,805,471,293",$0.000843,$0.05869,$0.05525,$0.07195,$0.05137,$0.07195,$0.05137,$0.1291,$0.05137,$0.1799,$0.02761,$0.3004,$0.001091,"Jan 05, 2018","Sep 15, 2017",2022-01-26 21:26:24.054206
18,28,https://s2.coinmarketcap.com/static/img/coins/64x64/1831.png,Bitcoin Cash,BCH,"$5,640,262,383.72","$6,245,125,048.71",$285.41,$294.09,$292.21,$292.23,0.01%,"$4,865,661,411.59",$297.39,"$4,806,772,735.62",0.8522,0.33%,"18,966,075","21,000,000","18,966,075",$6.74,$312.76,$287.66,$383.71,$262.50,$383.71,$262.50,$729.98,$262.50,"$1,635.15",$262.50,"$4,355.62",$75.08,"Dec 20, 2017","Dec 15, 2018",2022-01-26 21:26:26.626340
19,30,https://s2.coinmarketcap.com/static/img/coins/64x64/512.png,Stellar,XLM,"$4,911,638,956.23","$9,894,137,478.69",$0.1886,$0.1985,$0.1977,$0.1968,0.43%,"$363,440,654.84",$0.1979,"$389,972,673.21",0.0794,0.29%,"24,821,852,612","50,001,806,812","50,001,802,273",$0.002948,$0.207,$0.1935,$0.2523,$0.1721,$0.2523,$0.1721,$0.4403,$0.1721,$0.7965,$0.1721,$0.9381,$0.001227,"Jan 04, 2018","Nov 18, 2014",2022-01-26 21:26:28.886237
20,31,https://s2.coinmarketcap.com/static/img/coins/64x64/8916.png,Internet Computer,ICP,"$4,002,317,397.19","$9,583,285,970.41",$19.70,$21.28,$20.71,$20.05,3.19%,"$267,114,780.70",$20.11,"$345,224,971.60",0.08626,0.24%,"199,026,765",No,"476,556,508",$-0.5312,$21.72,$19.70,$28.48,$18.58,$28.48,$18.58,$58.26,$18.58,$750.73,$0,$750.73,NaN,"May 10, 2021","May 10, 2021",2022-01-26 21:26:31.257410
21,34,https://s2.coinmarketcap.com/static/img/coins/64x64/4642.png,Hedera,HBAR,"$3,836,386,142.81","$10,601,973,574.65",$0.1982,$0.2164,$0.2067,$0.2117,2.4%,"$88,407,832.28",$0.212,"$93,011,891.94",0.02424,0.23%,"18,092,792,421","50,000,000,000","50,000,000,000",$-0.001481,$0.2226,$0.2075,$0.2817,$0.1874,$0.2817,$0.1874,$0.4768,$0.1874,$0.5701,$0.07712,$0.5701,$0.01001,"Sep 16, 2021","Jan 02, 2020",2022-01-26 21:26:33.587448
22,35,https://s2.coinmarketcap.com/static/img/coins/64x64/3077.png,VeChain,VET,"$3,459,973,031.51","$4,664,863,331.56",$0.04964,$0.05415,$0.05136,$0.05331,3.81%,"$260,034,943.86",$0.0538,"$319,546,413.36",0.09236,0.21%,"64,315,576,989","86,712,634,466","86,712,634,466",$0.001233,$0.05837,$0.05157,$0.07469,$0.0441,$0.07469,$0.0441,$0.1875,$0.0441,$0.2782,$0.02448,$0.2782,$0.001678,"Apr 17, 2021","Mar 13, 2020",2022-01-26 21:26:37.271305
23,37,https://s2.coinmarketcap.com/static/img/coins/64x64/1321.png,Ethereum Classic,ETC,"$3,283,872,106.26","$5,220,233,965.60",$23.28,$24.23,$24.10,$24.00,0.43%,"$402,838,369.98",$24.78,"$420,747,737.14",0.1281,0.19%,"132,544,223","210,700,000","210,700,000",$0.9911,$26.19,$23.53,$31.93,$21.74,$31.93,$21.74,$64.94,$21.74,$176.16,$6.67,$176.16,$0.4524,"May 06, 2021","Jul 25, 2016",2022-01-26 21:26:39.704475
24,38,https://s2.coinmarketcap.com/static/img/coins/64x64/4256.png,Klaytn,KLAY,"$3,238,024,174.80","$13,286,363,481.82",$1.17,$1.24,$1.22,$1.23,0.71%,"$58,364,133.98",$1.23,"$119,705,311.52",0.03697,0.19%,"2,627,506,411",No,"10,781,267,632",$0.0138,$1.35,$1.21,$1.50,$1.09,$1.50,$1.09,$1.86,$1.05,$4.38,$0.5136,$4.38,$0.05733,"Apr 02, 2021","May 06, 2020",2022-01-26 21:26:42.930127
25,39,https://s2.coinmarketcap.com/static/img/coins/64x64/1.png,Helium,HNT,"$3,176,524,513.66","$6,487,370,806.03",$22.32,$25.81,$22.58,$25.68,13.75%,"$35,195,893.48",$29.09,"$62,687,347.76",0.01973,0.19%,"109,191,379","223,000,000","223,000,000",$3.74,$30.67,$24.54,$31.32,$19.96,$31.32,$19.96,$55.22,$19.96,$55.22,$1.84,$55.22,$0.2534,"Nov 12, 2021","Jun 10, 2020",2022-01-26 21:26:45.297606
26,41,https://s2.coinmarketcap.com/static/img/coins/64x64/6892.png,Elrond,EGLD,"$2,993,436,707.71","$4,555,084,456.90",$128.73,$142.07,$131.20,$140.79,7.31%,"$151,868,918.48",$144.99,"$182,464,615.66",0.06095,0.18%,"20,645,410","31,415,926","23,016,298",$5.29,$157.84,$137.15,$185.19,$113.74,$269.62,$113.74,$542.58,$113.74,$542.58,$45.99,$542.58,$6.54,"Nov 23, 2021","Oct 07, 2020",2022-01-26 21:26:49.642615
27,42,https://s2.coinmarketcap.com/static/img/coins/64x64/2280.png,Filecoin,FIL,"$2,928,072,551.36","$2,928,072,551.36",$17.75,$18.50,$18.41,$18.15,1.43%,"$331,086,545.77",$19.03,"$449,434,442.71",0.1535,0.17%,"153,840,042",No,"153,840,042",$0.8841,$20.21,$17.84,$28.65,$16.89,$28.65,$16.89,$69.64,$16.89,$237.24,$16.89,$237.24,$1.83,"Apr 01, 2021","Aug 29, 2019",2022-01-26 21:26:52.032283
28,44,https://s2.coinmarketcap.com/static/img/coins/64x64/2416.png,Theta Network,THETA,"$2,824,808,422.84","$2,824,808,422.84",$2.49,$2.70,$2.59,$2.61,0.72%,"$251,347,358.37",$2.82,"$433,809,077.31",0.1536,0.17%,"1,000,000,000","1,000,000,000","1,000,000,000",$0.1912,$3.10,$2.57,$4.64,$2.29,$4.64,$2.29,$8.56,$2.29,$15.90,$1.85,$15.90,$0.03977,"Apr 16, 2021","Mar 13, 2020",2022-01-26 21:26:54.269953
29,45,https://s2.coinmarketcap.com/static/img/coins/64x64/328.png,Monero,XMR,"$2,666,490,376.26","$2,666,490,376.26",$140.38,$147.21,$146.85,$144.73,1.45%,"$209,941,642.57",$147.57,"$205,725,319.42",0.07715,0.16%,"18,069,134",No,"18,069,134",$1.68,$157.96,$143.33,$209.60,$135.32,$209.60,$135.32,$293.96,$135.32,$517.62,$124.12,$517.62,$0.213,"May 07, 2021","Jan 14, 2015",2022-01-26 21:26:57.513998
30,46,https://s2.coinmarketcap.com/static/img/coins/64x64/2011.png,Tezos,XTZ,"$2,622,127,488.34","$2,706,692,921.16",$2.86,$3.00,$2.97,$2.92,1.66%,"$107,530,806.55",$2.99,"$114,724,981.22",0.04375,0.16%,"875,661,064",No,"903,901,742",$0.05117,$3.21,$2.88,$4.08,$2.56,$4.08,$2.56,$6.87,$2.56,$9.18,$2.11,$12.19,$0.3146,"Dec 17, 2017","Dec 07, 2018",2022-01-26 21:27:01.060165
31,47,https://s2.coinmarketcap.com/static/img/coins/64x64/1720.png,IOTA,MIOTA,"$2,272,932,322.62","$2,272,932,322.62",$0.7759,$0.8205,$0.7899,$0.8115,2.74%,"$41,325,168.92",$0.8177,"$35,963,193.95",0.01582,0.13%,"2,779,530,283","2,779,530,283","2,779,530,283",$0.006219,$0.8625,$0.802,$1.11,$0.7,$1.11,$0.7,$1.66,$0.7,$2.68,$0.3791,$5.69,$0.07962,"Dec 19, 2017","Mar 13, 2020",2022-01-26 21:27:03.323752
32,48,https://s2.coinmarketcap.com/static/img/coins/64x64/3945.png,Harmony,ONE,"$2,246,489,378.66","$2,581,242,035.39",$0.1812,$0.1968,$0.1923,$0.1913,0.54%,"$199,854,338.63",$0.1937,"$225,062,759.02",0.1002,0.13%,"11,600,671,708",No,"13,329,304,708",$0.0004801,$0.2073,$0.1848,$0.2995,$0.1688,$0.2995,$0.1688,$0.3774,$0.1418,$0.3798,$0.006322,$0.3798,$0.001257,"Oct 26, 2021","Mar 13, 2020",2022-01-26 21:27:05.690614
33,48,https://s2.coinmarketcap.com/static/img/coins/64x64/1765.png,EOS,EOS,"$2,189,056,280.05","$2,337,960,914.22",$2.17,$2.23,$2.20,$2.22,1.03%,"$362,232,469.94",$2.24,"$421,034,703.61",0.1923,0.13%,"978,888,236",No,"1,045,474,461",$0.0377,$2.37,$2.19,$2.84,$2.00,$2.84,$2.00,$5.37,$2.00,$14.88,$2.00,$22.89,$0.4802,"Apr 29, 2018","Oct 23, 2017",2022-01-26 21:27:07.928218
34,54,https://s2.coinmarketcap.com/static/img/coins/64x64/4847.png,Stacks,STX,"$1,792,707,592.25","$2,515,108,411.37",$1.26,$1.39,$1.36,$1.36,0.21%,"$65,027,738.77",$1.38,"$85,832,277.91",0.04788,0.11%,"1,295,825,813","1,818,000,000","1,352,464,600",$0.0192,$1.52,$1.33,$2.19,$1.20,$2.19,$1.20,$3.61,$1.20,$3.61,$0.4107,$3.61,$0.04501,"Nov 16, 2021","Mar 13, 2020",2022-01-26 21:27:10.621190
35,55,https://s2.coinmarketcap.com/static/img/coins/64x64/3602.png,Bitcoin SV,BSV,"$1,742,671,663.58","$1,929,926,032.03",$88.83,$93.80,$91.56,$90.45,1.22%,"$161,344,829.15",$91.90,"$148,874,473.75",0.08543,0.10%,"18,962,439","21,000,000","18,962,439",$1.91,$95.53,$88.83,$111.77,$84.06,$111.77,$84.06,$198.76,$83.87,$491.64,$83.87,$491.64,$36.87,"Apr 16, 2021","Nov 23, 2018",2022-01-26 21:27:12.818399
36,57,https://s2.coinmarketcap.com/static/img/coins/64x64/4558.png,Flow,FLOW,"$1,597,071,407.13","$6,919,913,126.80",$4.55,$5.04,$4.85,$4.91,1.4%,"$156,865,841.90",$5.02,"$213,293,769.32",0.1336,0.09%,"318,082,398",No,"1,378,211,739",$0.08445,$5.43,$4.78,$7.56,$4.34,$7.56,$4.34,$16.78,$4.34,$46.16,$4.34,$46.16,$4.34,"Apr 05, 2021","Jan 24, 2022",2022-01-26 21:27:15.044188
37,60,https://s2.coinmarketcap.com/static/img/coins/64x64/5034.png,Kusama,KSM,"$1,435,222,470.20","$1,635,358,180.88",$170.16,$180.43,$174.55,$173.75,0.46%,"$67,755,340.76",$169.45,"$78,823,661.17",0.05492,0.09%,"8,470,098",No,"9,651,217",$-5.56,$179.88,$169.34,$256.82,$162.57,$256.82,$162.57,$518.91,$162.57,$623.75,$90.63,$623.75,$0.9158,"May 18, 2021","Jan 14, 2020",2022-01-26 21:27:17.655043
38,63,https://s2.coinmarketcap.com/static/img/coins/64x64/1.png,eCash,XEC,"$1,354,740,635.94","$1,500,339,795.11",$0.0000688,$0.00007222,$0.00007188,$0.00007191,0.05%,"$18,234,658.52",$0.00007144,"$20,957,506.57",0.01547,0.08%,"18,962,073,423,313","21,000,000,000,000","18,899,704,673,313",$-0.00000005289,$0.00007644,$0.0000705,$0.0000966,$0.00006394,$0.0000966,$0.00006394,$0.005112,$0.00006394,$0.005112,$0.0000173,$0.005112,$0.0000173,"Nov 10, 2021","Jul 20, 2021",2022-01-26 21:27:21.465876
39,67,https://s2.coinmarketcap.com/static/img/coins/64x64/1376.png,Neo,NEO,"$1,317,316,755.66","$1,867,505,793.60",$17.61,$18.35,$18.10,$18.23,0.72%,"$92,080,603.65",$18.68,"$106,668,542.31",0.08097,0.08%,"70,538,831","100,000,000","100,000,000",$0.5456,$19.71,$17.88,$24.66,$16.21,$24.66,$16.21,$53.42,$16.21,$140.37,$16.21,$196.85,$0.07229,"Jan 15, 2018","Oct 21, 2016",2022-01-26 21:27:23.764325
40,71,https://s2.coinmarketcap.com/static/img/coins/64x64/1437.png,Zcash,ZEC,"$1,230,968,257.07","$1,899,392,002.06",$89.43,$96.09,$94.36,$90.49,4.1%,"$253,678,509.01",$90.45,"$278,474,877.62",0.2262,0.07%,"13,609,794","21,000,000","13,609,794",$-1.73,$98.43,$89.43,$131.73,$82.28,$131.73,$82.28,$303.95,$82.28,$370.14,$77.72,"$5,941.80",$18.94,"Oct 29, 2016","Mar 13, 2020",2022-01-26 21:27:26.174287
41,73,https://s2.coinmarketcap.com/static/img/coins/64x64/5567.png,Celo,CELO,"$1,216,793,208.35","$3,143,265,047.94",$2.94,$3.21,$3.08,$3.08,0.25%,"$75,917,300.11",$3.14,"$80,366,965.16",0.06605,0.07%,"387,111,233","1,000,000,000","1,000,000,000",$0.02182,$3.30,$3.05,$4.42,$2.90,$4.42,$2.90,$6.85,$2.90,$10.66,$1.66,$10.66,$0.7955,"Aug 30, 2021","May 22, 2020",2022-01-26 21:27:28.508559
42,76,https://s2.coinmarketcap.com/static/img/coins/64x64/7653.png,Oasis Network,ROSE,"$1,103,921,973.59","$3,160,370,604.87",$0.3023,$0.3382,$0.3257,$0.3181,2.33%,"$279,989,530.16",$0.316,"$321,424,182.92",0.2912,0.07%,"3,493,014,306","10,000,000,000","10,000,000,000",$-0.01369,$0.3553,$0.3134,$0.4824,$0.2834,$0.4824,$0.2834,$0.5964,$0.1759,$0.5816,$0.04505,$0.5964,$0.03205,"Jan 15, 2022","Nov 26, 2020",2022-01-26 21:27:30.981089
43,75,https://s2.coinmarketcap.com/static/img/coins/64x64/1274.png,Waves,WAVES,"$1,129,130,779.13","$1,129,130,779.13",$8.18,$8.53,$8.53,$8.41,1.44%,"$76,336,735.23",$10.52,"$671,299,021.42",0.5945,0.07%,"107,328,400",No,"107,328,400",$2.11,$11.66,$8.28,$13.60,$7.64,$13.60,$7.64,$27.74,$7.64,$41.33,$5.99,$41.33,$0.1227,"May 04, 2021","Aug 02, 2016",2022-01-26 21:27:33.342891
44,78,https://s2.coinmarketcap.com/static/img/coins/64x64/5632.png,Arweave,AR,"$1,036,396,557.11","$2,048,294,211.99",$30.26,$34.08,$33.26,$32.67,1.79%,"$50,987,685.52",$31.03,"$48,663,582.46",0.04695,0.06%,"33,394,701","66,000,000","63,190,435",$-0.7283,$34.53,$31.02,$45.15,$27.50,$45.15,$27.50,$90.94,$27.50,$90.94,$4.64,$90.94,$0.4854,"Nov 05, 2021","May 27, 2020",2022-01-26 21:27:35.654362
45,81,https://s2.coinmarketcap.com/static/img/coins/64x64/5647.png,Kadena,KDA,"$960,467,359.19","$5,725,432,160.51",$5.07,$5.68,$5.36,$5.33,0.69%,"$26,594,505.79",$5.73,"$52,984,242.60",0.05517,0.06%,"167,754,561","1,000,000,000","1,000,000,000",$0.2211,$6.67,$5.22,$8.17,$4.44,$8.17,$4.44,$28.25,$4.44,$28.25,$0.1433,$28.25,$0.1213,"Nov 11, 2021","Jan 11, 2021",2022-01-26 21:27:37.850647
46,81,https://s2.coinmarketcap.com/static/img/coins/64x64/131.png,Dash,DASH,"$984,799,915.42","$1,764,894,767.61",$88.67,$92.01,$90.38,$89.69,0.76%,"$188,010,508.25",$93.38,"$202,401,177.91",0.2055,0.06%,"10,546,078","18,900,000","10,546,078",$2.84,$97.85,$88.85,$133.58,$81.76,$133.58,$81.76,$247.34,$81.76,$476.85,$81.76,"$1,642.22",$0.2139,"Dec 20, 2017","Feb 14, 2014",2022-01-26 21:27:40.484435
47,83,https://s2.coinmarketcap.com/static/img/coins/64x64/5604.png,Secret,SCRT,"$914,614,954.01","$1,160,944,907.24",$5.25,$6.22,$5.47,$6.19,13.34%,"$40,520,650.12",$6.10,"$41,902,901.13",0.04581,0.05%,"149,815,729",No,"190,165,060",$0.07581,$6.60,$5.97,$9.23,$4.69,$9.23,$4.69,$10.23,$3.74,$10.64,$0.7674,$10.64,$0.2554,"Oct 28, 2021","Nov 03, 2020",2022-01-26 21:27:44.044744
48,85,https://s2.coinmarketcap.com/static/img/coins/64x64/873.png,NEM,XEM,"$874,743,024.71","$874,743,024.71",$0.09457,$0.09878,$0.09783,$0.09611,1.77%,"$28,275,306.18",$0.09719,"$32,763,681.71",0.03746,0.05%,"8,999,999,999","8,999,999,999","8,999,999,999",$0.001078,$0.1028,$0.09484,$0.1172,$0.08732,$0.1172,$0.08732,$0.2388,$0.08732,$0.8652,$0.0857,$2.09,$0.0000793,"Jan 04, 2018","Sep 15, 2015",2022-01-26 21:27:46.316966
49,86,https://s2.coinmarketcap.com/static/img/coins/64x64/8646.png,Mina,MINA,"$857,874,370.01","$1,962,611,460.68",$2.22,$2.38,$2.33,$2.32,0.46%,"$39,520,076.07",$2.38,"$44,201,798.01",0.05152,0.05%,"360,223,380",No,"824,104,972",$0.08477,$2.54,$2.25,$3.64,$2.09,$3.64,$2.09,$6.57,$2.09,$9.91,$0.9233,$9.91,$0.9233,"Jun 01, 2021","Jul 21, 2021",2022-01-26 21:27:48.693879
50,87,https://s2.coinmarketcap.com/static/img/coins/64x64/3822.png,Theta Fuel,TFUEL,"$836,565,950.14","$836,565,950.14",$0.123,$0.1314,$0.1314,$0.1286,2.06%,"$27,492,648.51",$0.1578,"$154,321,402.47",0.1845,0.05%,"5,301,214,400",No,"5,301,214,400",$0.031,$0.1881,$0.1253,$0.2006,$0.1148,$0.2006,$0.1148,$0.3968,$0.1148,$0.6807,$0.02678,$0.6807,$0.0008897,"Jun 09, 2021","Mar 13, 2020",2022-01-26 21:27:51.422585
51,89,https://s2.coinmarketcap.com/static/img/coins/64x64/1168.png,Decred,DCR,"$816,888,532.16","$1,251,096,839.51",$53.09,$56.17,$54.97,$54.78,0.34%,"$5,135,359.37",$59.58,"$11,095,754.44",0.01358,0.05%,"13,711,696","21,000,000","13,711,696",$4.91,$63.69,$53.86,$71.30,$50.28,$71.30,$50.28,$122.24,$50.28,$250.02,$50.28,$250.02,$0.3948,"Apr 17, 2021","Dec 28, 2016",2022-01-26 21:27:54.144306
52,90,https://s2.coinmarketcap.com/static/img/coins/64x64/2634.png,XDC Network,XDC,"$799,415,352.66","$2,449,568,055.02",$0.06179,$0.06424,$0.06238,$0.06348,1.77%,"$7,879,738.28",$0.06497,"$9,200,977.47",0.01151,0.05%,"12,305,012,699",No,"37,705,012,699",$0.001572,$0.06615,$0.06294,$0.08312,$0.05745,$0.08312,$0.05745,$0.1165,$0.05745,$0.1939,$0.005411,$0.1939,$0.0001571,"Aug 21, 2021","Jun 20, 2019",2022-01-26 21:27:56.845084
53,94,https://s2.coinmarketcap.com/static/img/coins/64x64/1.png,IoTeX,IOTX,"$724,145,198.62","$759,000,050.21",$0.06838,$0.0735,$0.07068,$0.07255,2.64%,"$25,749,998.52",$0.0759,"$32,437,129.48",0.04479,0.04%,"9,540,779,324","10,000,000,000","9,626,124,332",$0.003571,$0.07905,$0.07138,$0.109,$0.06322,$0.109,$0.06322,$0.2611,$0.06258,$0.2611,$0.009101,$0.2611,$0.001239,"Nov 13, 2021","Mar 13, 2020",2022-01-26 21:27:59.524817
54,95,https://s2.coinmarketcap.com/static/img/coins/64x64/2577.png,Ravencoin,RVN,"$688,787,975.16","$1,381,089,178.12",$0.06075,$0.0651,$0.06224,$0.06334,1.77%,"$31,852,156.95",$0.06577,"$44,322,844.89",0.06435,0.04%,"10,473,290,000","21,000,000,000","10,473,290,000",$0.00171,$0.07022,$0.06281,$0.08872,$0.05355,$0.08872,$0.05355,$0.1496,$0.05355,$0.2854,$0.0146,$0.2854,$0.008794,"Feb 20, 2021","Mar 13, 2020",2022-01-26 21:28:02.166824
55,98,https://s2.coinmarketcap.com/static/img/coins/64x64/4747.png,Velas,VLX,"$575,251,944.07","$575,251,944.07",$0.2367,$0.2459,$0.2459,$0.2435,0.99%,"$7,938,970.03",$0.2551,"$10,114,298.50",0.01758,0.03%,"2,254,628,928",No,"2,254,628,928",$0.01044,$0.2593,$0.2409,$0.3339,$0.226,$0.5706,$0.226,$0.572,$0.1666,$0.572,$0.03444,$0.572,$0.01162,"Nov 04, 2021","Oct 16, 2019",2022-01-26 21:28:06.448375
56,101,https://s2.coinmarketcap.com/static/img/coins/64x64/1684.png,Qtum,QTUM,"$567,181,507.35","$617,826,977.31",$5.32,$5.59,$5.46,$5.55,1.73%,"$112,999,217.81",$5.73,"$124,320,050.05",0.2192,0.03%,"98,983,821","107,822,406","103,944,501",$0.216,$6.03,$5.46,$7.67,$4.98,$7.67,$4.98,$19.15,$4.98,$35.38,$3.02,$106.88,$0.77,"Jan 07, 2018","Mar 13, 2020",2022-01-26 21:28:08.942705
57,105,https://s2.coinmarketcap.com/static/img/coins/64x64/2469.png,Zilliqa,ZIL,"$551,565,438.58","$940,332,283.06",$0.04143,$0.04637,$0.04217,$0.04501,6.74%,"$78,088,874.17",$0.04478,"$67,645,626.02",0.1226,0.03%,"12,317,852,337","21,000,000,000","15,609,319,490",$-0.0007445,$0.04802,$0.04428,$0.06213,$0.0379,$0.06213,$0.0379,$0.1246,$0.0379,$0.2563,$0.0379,$0.2563,$0.002477,"May 06, 2021","Mar 13, 2020",2022-01-26 21:28:11.363994
58,105,https://s2.coinmarketcap.com/static/img/coins/64x64/2300.png,WAX,WAXP,"$558,889,218.67","$1,121,235,809.26",$0.2636,$0.2805,$0.2792,$0.2792,NaN,"$39,507,262.61",$0.2918,"$59,881,653.77",0.1071,0.03%,"1,915,363,535",No,"3,842,575,793",$0.01938,$0.312,$0.2687,$0.3809,$0.2374,$0.3809,$0.2374,$0.9814,$0.2374,$0.9814,$0.03811,$5.01,$0.01596,"Dec 21, 2017","Dec 30, 2019",2022-01-26 21:28:13.605061
59,111,https://s2.coinmarketcap.com/static/img/coins/64x64/541.png,Syscoin,SYS,"$527,155,423.10","$740,324,478.80",$0.8099,$0.8861,$0.8577,$0.8398,2.09%,"$23,789,321.24",$0.8337,"$27,434,880.28",0.05204,0.03%,"632,309,250","888,000,000","632,309,250",$-0.01719,$0.8915,$0.8187,$1.21,$0.7296,$1.21,$0.7296,$1.31,$0.3102,$1.31,$0.08917,$1.31,$0.0001992,"Jan 02, 2022","Feb 22, 2015",2022-01-26 21:28:16.489441
60,115,https://s2.coinmarketcap.com/static/img/coins/64x64/2083.png,Bitcoin Gold,BTG,"$510,172,447.31","$611,720,231.57",$27.74,$29.03,$28.42,$28.70,0.99%,"$26,428,168.43",$29.13,"$27,659,093.40",0.05422,0.03%,"17,513,924","21,000,000","17,513,924",$0.4394,$30.69,$28.45,$36.66,$26.14,$36.66,$26.14,$76.61,$26.14,$168.19,$9.53,$539.72,$2.54,"Oct 23, 2017","Nov 23, 2020",2022-01-26 21:28:18.953029
61,119,https://s2.coinmarketcap.com/static/img/coins/64x64/2099.png,ICON,ICX,"$494,795,546.63","$561,056,116.34",$0.6355,$0.6829,$0.6654,$0.6804,2.25%,"$23,285,339.34",$0.7009,"$27,453,235.29",0.05548,0.03%,"705,925,899",No,"800,460,000",$0.0243,$0.7461,$0.6642,$0.9763,$0.5937,$0.9763,$0.5937,$2.71,$0.5937,$3.26,$0.5937,$12.64,$0.1069,"Jan 09, 2018","Jan 03, 2020",2022-01-26 21:28:21.321062
62,121,https://s2.coinmarketcap.com/static/img/coins/64x64/1042.png,Siacoin,SC,"$479,884,800.98","$479,884,800.98",$0.00907,$0.00954,$0.0094,$0.009468,0.73%,"$15,395,423.72",$0.009607,"$24,055,336.38",0.05013,0.03%,"49,953,922,992",No,"49,953,922,992",$0.0002191,$0.01029,$0.009266,$0.01323,$0.008341,$0.01323,$0.008341,$0.02957,$0.008341,$0.06292,$0.003973,$0.1117,$0.00001131,"Jan 06, 2018","Dec 01, 2015",2022-01-26 21:28:23.668986
63,125,https://s2.coinmarketcap.com/static/img/coins/64x64/1698.png,Horizen,ZEN,"$454,631,710.67","$795,701,640.96",$33.37,$36.09,$34.09,$34.94,2.5%,"$35,113,992.55",$37.89,"$63,393,973.43",0.1394,0.03%,"11,998,550","21,000,000","11,752,188",$2.79,$40.79,$34.45,$52.54,$30.15,$52.54,$30.15,$136.88,$30.15,$168.15,$28.51,$168.15,$3.09,"May 08, 2021","Jul 31, 2017",2022-01-26 21:28:25.947993
64,127,https://s2.coinmarketcap.com/static/img/coins/64x64/1.png,Nervos Network,CKB,"$441,994,627.49","$528,949,960.53",$0.01371,$0.01487,$0.01409,$0.01462,3.76%,"$10,325,276.70",$0.01496,"$26,338,691.76",0.05959,0.03%,"29,539,682,084",No,"35,351,139,359",$0.0002686,$0.01584,$0.01413,$0.02092,$0.01258,$0.02092,$0.01258,$0.03557,$0.01258,$0.04412,$0.004892,$0.04412,$0.002565,"Mar 31, 2021","Mar 13, 2020",2022-01-26 21:28:28.593954
65,129,https://s2.coinmarketcap.com/static/img/coins/64x64/2405.png,IOST,IOST,"$429,704,649.42","$2,136,686,050.16",$0.02131,$0.02249,$0.02175,$0.02202,1.25%,"$42,839,096.80",$0.02374,"$59,110,447.23",0.1376,0.03%,"18,099,719,631","90,000,000,000","18,099,719,631",$0.001781,$0.02496,$0.02162,$0.02819,$0.01919,$0.02819,$0.01919,$0.05745,$0.01919,$0.09073,$0.01432,$0.1365,$0.001562,"Jan 24, 2018","Mar 13, 2020",2022-01-26 21:28:31.785418
66,132,https://s2.coinmarketcap.com/static/img/coins/64x64/2566.png,Ontology,ONT,"$407,767,317.08","$465,886,933.84",$0.4356,$0.4559,$0.4455,$0.4528,1.63%,"$38,575,256.84",$0.4659,"$47,988,474.66",0.1177,0.02%,"875,249,524","1,000,000,000","1,000,000,000",$0.01664,$0.4895,$0.4435,$0.6207,$0.408,$0.6207,$0.408,$1.24,$0.408,$2.94,$0.408,$11.18,$0.225,"May 03, 2018","Mar 13, 2020",2022-01-26 21:28:36.342331
67,138,https://s2.coinmarketcap.com/static/img/coins/64x64/3029.png,Flux,FLUX,"$350,435,747.42","$685,205,996.88",$1.39,$1.55,$1.50,$1.48,0.8%,"$36,610,109.10",$1.56,"$53,553,835.85",0.1528,0.02%,"225,029,742","440,000,000","220,347,380",$0.06044,$1.70,$1.46,$2.46,$1.30,$2.46,$1.30,$4.17,$0.4601,$4.17,$0.02423,$4.17,$0.01698,"Dec 10, 2021","Nov 16, 2020",2022-01-26 21:28:40.464378
68,137,https://s2.coinmarketcap.com/static/img/coins/64x64/5370.png,Hive,HIVE,"$348,171,001.40","$348,171,001.40",$0.7868,$0.8453,$0.8435,$0.8381,0.64%,"$12,681,448.79",$0.867,"$52,981,894.40",0.1522,0.02%,"401,580,988",No,"401,580,988",$0.03077,$0.9628,$0.8215,$1.19,$0.7168,$1.19,$0.7168,$3.42,$0.7168,$3.42,$0.1271,$3.42,$0.08694,"Nov 26, 2021","Apr 06, 2020",2022-01-26 21:28:42.632264
69,140,https://s2.coinmarketcap.com/static/img/coins/64x64/109.png,DigiByte,DGB,"$336,689,744.26","$470,006,673.56",$0.01995,$0.02125,$0.02031,$0.0212,4.38%,"$21,693,582.09",$0.02238,"$27,416,002.11",0.08143,0.02%,"15,043,370,716","21,000,000,000","15,043,370,716",$0.001303,$0.02351,$0.02078,$0.02853,$0.0183,$0.02853,$0.0183,$0.07165,$0.0183,$0.1825,$0.0183,$0.1825,$0.00002028,"May 01, 2021","Dec 20, 2014",2022-01-26 21:28:44.858988
70,146,https://s2.coinmarketcap.com/static/img/coins/64x64/1.png,Nano,XNO,"$315,378,314.73","$315,378,314.26",$2.27,$2.40,$2.31,$2.33,1.15%,"$64,639,615.94",$2.37,"$60,587,765.47",0.1921,0.02%,"133,248,297","133,248,297","133,248,297",$-0.007003,$2.62,$2.25,$3.12,$1.93,$3.12,$1.93,$7.48,$1.93,$17.49,$1.93,$37.62,$0.006658,"Jan 02, 2018","Mar 10, 2017",2022-01-26 21:28:47.331280
71,152,https://s2.coinmarketcap.com/static/img/coins/64x64/6187.png,Serum,SRM,"$285,109,941.08","$21,744,077,048.06",$2.06,$2.15,$2.11,$2.10,0.47%,"$58,654,483.88",$2.14,"$72,901,768.82",0.2557,0.02%,"133,231,781","10,161,000,000","1,092,844,982",$0.0393,$2.27,$2.06,$3.01,$1.94,$3.01,$1.94,$8.88,$1.94,$13.72,$1.80,$13.72,$0.11,"Sep 11, 2021","Aug 11, 2020",2022-01-26 21:28:50.222368
72,155,https://s2.coinmarketcap.com/static/img/coins/64x64/5899.png,Casper,CSPR,"$269,308,048.20","$932,387,084.95",$0.07597,$0.09157,$0.08118,$0.08841,8.91%,"$18,844,153.80",$0.08773,"$16,033,664.66",0.05954,0.02%,"3,069,626,556",No,"10,627,532,952",$-0.001871,$0.09243,$0.08651,$0.1077,$0.07156,$0.1077,$0.07156,$0.2401,$0.07156,$1.36,$0.05072,$1.36,$0.05072,"May 12, 2021","Jul 15, 2021",2022-01-26 21:28:52.914371
73,165,https://s2.coinmarketcap.com/static/img/coins/64x64/3992.png,COTI,COTI,"$236,503,674.43","$544,517,705.86",$0.2474,$0.2718,$0.2614,$0.2599,0.56%,"$37,401,962.90",$0.2723,"$38,260,656.95",0.1618,0.01%,"868,672,118","2,000,000,000","2,000,000,000",$0.01073,$0.2851,$0.2545,$0.3956,$0.2231,$0.3956,$0.2231,$0.6826,$0.2231,$0.6826,$0.05635,$0.6826,$0.006226,"Oct 31, 2021","Nov 09, 2019",2022-01-26 21:28:56.619299
74,171,https://s2.coinmarketcap.com/static/img/coins/64x64/2303.png,MediBloc,MED,"$211,164,494.83","$308,083,005.31",$0.03531,$0.03759,$0.03759,$0.03729,0.8%,"$5,126,248.43",$0.03923,"$21,126,591.19",0.1,0.01%,"5,382,401,140",No,"7,852,770,516",$0.002348,$0.04254,$0.03662,$0.04914,$0.03377,$0.04914,$0.03377,$0.09195,$0.03377,$0.3528,$0.004169,$0.3528,$0.001558,"Apr 02, 2021","Feb 06, 2019",2022-01-26 21:29:00.298069
75,173,https://s2.coinmarketcap.com/static/img/coins/64x64/1214.png,Lisk,LSK,"$208,773,385.94","$234,555,479.61",$1.48,$1.60,$1.54,$1.59,3.09%,"$3,224,462.00",$1.62,"$12,706,784.53",0.06086,0.01%,"128,900,445",No,"144,818,773",$0.04539,$1.70,$1.54,$2.06,$1.45,$2.06,$1.45,$4.53,$1.45,$11.41,$1.19,$39.31,$0.09565,"Jan 07, 2018","Mar 02, 2017",2022-01-26 21:29:02.919086
76,177,https://s2.coinmarketcap.com/static/img/coins/64x64/2868.png,Constellation,DAG,"$198,427,959.96","$578,502,143.48",$0.1501,$0.1623,$0.1526,$0.1569,2.83%,"$1,405,449.73",$0.1566,"$1,404,834.99",0.00708,0.01%,"1,266,911,931","3,693,588,685","3,711,998,690",$-0.0003528,$0.1603,$0.1538,$0.1867,$0.1365,$0.1867,$0.1365,$0.2862,$0.1365,$0.4624,$0.009042,$0.4624,$0.0008968,"Aug 26, 2021","Mar 21, 2019",2022-01-26 21:29:05.857230
77,182,https://s2.coinmarketcap.com/static/img/coins/64x64/5268.png,Energy Web Token,EWT,"$182,917,544.73","$608,464,856.13",$5.89,$6.29,$6.13,$6.25,1.86%,"$1,054,851.97",$6.08,"$1,390,277.32",0.007601,0.01%,"30,062,138","100,000,000","48,638,535",$-0.04177,$6.47,$6.03,$7.40,$5.35,$7.40,$5.35,$21.85,$5.35,$22.22,$4.41,$22.22,$0.5008,"Apr 17, 2021","Apr 01, 2020",2022-01-26 21:29:09.651079
78,190,https://s2.coinmarketcap.com/static/img/coins/64x64/6951.png,Reef,REEF,"$172,309,381.95","$158,370,342.69",$0.009386,$0.009874,$0.009571,$0.009732,1.68%,"$19,112,629.90",$0.009829,"$24,880,618.27",0.1444,0.01%,"17,530,705,935",No,"16,112,552,172",$0.00004864,$0.01048,$0.009618,$0.0135,$0.008741,$0.0135,$0.008741,$0.03842,$0.008741,$0.05841,$0.008741,$0.05841,$0.006623,"Mar 15, 2021","Jan 13, 2021",2022-01-26 21:29:12.333544
79,191,https://s2.coinmarketcap.com/static/img/coins/64x64/1320.png,Ardor,ARDR,"$171,763,362.00","$171,763,362.00",$0.1609,$0.1843,$0.1609,$0.1671,3.83%,"$35,195,570.02",$0.1719,"$11,517,980.52",0.06706,0.01%,"998,999,495","998,999,495","998,999,495",$0.005237,$0.1791,$0.1635,$0.2207,$0.1508,$0.2207,$0.1508,$0.416,$0.1456,$0.7756,$0.07115,$2.55,$0.008368,"Jan 13, 2018","Oct 30, 2016",2022-01-26 21:29:14.816905
80,196,https://s2.coinmarketcap.com/static/img/coins/64x64/2222.png,Bitcoin Diamond,BCD,"$164,762,663.88","$185,530,708.11",$0.8403,$0.9099,$0.8748,$0.8734,0.17%,"$1,492,858.53",$0.8835,"$1,681,473.96",0.01021,0.01%,"186,492,898","210,000,000","189,492,898",$-0.008717,$0.928,$0.8615,$1.20,$0.8081,$1.20,$0.8081,$2.50,$0.8081,$11.22,$0.5868,$104.84,$0.2664,"Nov 25, 2017","Mar 13, 2020",2022-01-26 21:29:17.209573
81,199,https://s2.coinmarketcap.com/static/img/coins/64x64/1.png,Verge,XVG,"$161,241,361.04","$161,833,066.06",$0.009,$0.009782,$0.009328,$0.009752,4.54%,"$6,249,674.52",$0.009775,"$8,097,157.66",0.05022,0.01%,"16,494,470,488","16,555,000,000","16,494,470,488",$0.00005142,$0.01046,$0.009565,$0.01346,$0.008098,$0.01346,$0.008098,$0.03704,$0.008098,$0.08482,$0.008098,$0.3006,$0.000002167,"Dec 23, 2017","Feb 05, 2015",2022-01-26 21:29:20.147679
82,199,https://s2.coinmarketcap.com/static/img/coins/64x64/3441.png,Divi,DIVI,"$160,962,457.29","$160,962,457.29",$0.05308,$0.05696,$0.05552,$0.05438,2.05%,"$311,192.43",$0.05939,"$383,679.44",0.002384,0.01%,"2,710,141,880",No,"2,710,141,880",$0.003976,$0.06045,$0.05417,$0.07236,$0.05267,$0.07236,$0.05267,$0.187,$0.02961,$0.187,$0.02075,$0.3527,$0.001028,"Nov 20, 2020","Jun 09, 2019",2022-01-26 21:29:22.679470
83,203,https://s2.coinmarketcap.com/static/img/coins/64x64/11419.png,Toncoin,TONCOIN,"$2,670,399,676.42","$10,931,705,806.27",$2.19,$2.36,$2.36,$2.24,4.93%,"$6,590,888.60",$2.19,"$5,960,419.69",0.002232,0.00%,"1,221,401,181","5,000,000,000","5,047,558,528",$-0.05881,$2.33,$2.19,$3.70,$2.19,$3.70,$2.19,$5.84,$0.7336,$5.84,$0.3906,$5.84,$0.3906,"Nov 12, 2021","Sep 20, 2021",2022-01-26 21:29:25.075069
84,208,https://s2.coinmarketcap.com/static/img/coins/64x64/5482.png,Counos X,CCXX,"$1,333,052,246.24","$1,567,027,067.67",$74.43,$74.66,$74.55,$74.56,0.02%,$61.18,$74.62,$60.00,0.00000005,NaN,"17,864,463","21,000,000","18,402,730",$0.05746,$74.70,$74.19,$74.86,$4.21,$74.86,$4.21,$179.31,$4.21,$179.31,$4.21,$179.31,$4.21,"Dec 17, 2021","Jan 21, 2022",2022-01-26 21:29:27.503448
85,215,https://s2.coinmarketcap.com/static/img/coins/64x64/8677.png,Symbol,XYM,"$898,264,780.05","$1,448,175,716.97",$0.1529,$0.1594,$0.1574,$0.1593,1.21%,"$5,390,040.69",$0.1609,"$8,268,979.77",0.009206,NaN,"5,582,460,005","8,999,999,999","7,967,988,930",$0.002777,$0.1672,$0.158,$0.1875,$0.1451,$0.1875,$0.1451,$0.5409,$0.1451,$0.7715,$0.08969,$0.7715,$0.08969,"Mar 21, 2021","Jun 22, 2021",2022-01-26 21:29:30.028692
86,217,https://s2.coinmarketcap.com/static/img/coins/64x64/5804.png,DeFiChain,DFI,"$769,740,187.51","$3,073,716,579.73",$2.43,$2.56,$2.50,$2.51,0.24%,"$2,343,852.53",$2.56,"$2,277,156.57",0.002958,NaN,"300,511,840","1,200,000,000","588,631,840",$0.0352,$2.62,$2.49,$3.09,$2.31,$3.09,$2.31,$5.62,$1.41,$5.62,$1.41,$5.62,$0.1642,"Dec 06, 2021","Jul 03, 2020",2022-01-26 21:29:33.606262
87,221,https://s2.coinmarketcap.com/static/img/coins/64x64/4512.png,LINK,LN,"$689,757,432.74","$697,744,852.39",$109.25,$115.49,$114.43,$113.97,0.4%,"$2,028,410.18",$115.43,"$1,744,737.98",0.002529,0.00%,"5,975,799",No,"6,044,999",$2.83,$119.52,$110.69,$151.33,$99.35,$151.33,$99.35,$316.31,$99.35,$347.83,$16.76,$347.83,$2.58,"Apr 01, 2021","Mar 12, 2020",2022-01-26 21:29:36.687514
88,223,https://s2.coinmarketcap.com/static/img/coins/64x64/6836.png,Moonbeam,GLMR,"$579,202,776.94","$7,401,021,358.33",$7.11,$7.97,$7.41,$7.77,4.83%,"$41,598,840.89",$7.40,"$40,193,940.55",0.0694,0.00%,"78,259,844","1,000,000,000","1,005,086,896",$-0.3871,$7.97,$7.34,$11.32,$6.52,$11.32,$6.52,$437.07,$6.52,$437.07,$6.52,$437.07,$6.52,"Jan 11, 2022","Jan 24, 2022",2022-01-26 21:29:39.624660
89,228,https://s2.coinmarketcap.com/static/img/coins/64x64/10442.png,Decentralized Social,DESO,"$460,129,427.82","$559,770,959.29",$51.27,$62.57,$61.01,$51.68,15.3%,"$3,108,404.45",$51.79,"$1,810,388.83",0.003935,0.00%,"8,884,536","10,808,492","10,808,492",$-0.4831,$53.09,$49.31,$95.19,$39.93,$95.19,$39.93,$475.00,$39.93,$475.00,$0,$475.00,NaN,"Dec 13, 2021","Jun 16, 2021",2022-01-26 21:29:42.169507
90,229,https://s2.coinmarketcap.com/static/img/coins/64x64/268.png,WhiteCoin,XWC,"$427,320,298.24","$574,199,920.81",$0.5741,$0.5919,$0.5917,$0.5741,2.96%,"$6,654,853.78",$0.5742,"$7,077,739.41",0.01656,NaN,"744,201,249","1,000,000,000","944,201,250",$-0.002739,$0.5778,$0.5675,$0.6035,$0.5675,$0.6035,$0.5675,$0.9694,$0.5498,$2.62,$0.5278,$2.62,$0.00006573,"Mar 05, 2021","Nov 19, 2015",2022-01-26 21:29:44.403921
91,235,https://s2.coinmarketcap.com/static/img/coins/64x64/7878.png,MobileCoin,MOB,"$336,277,059.27","$1,132,729,227.58",$4.48,$4.63,$4.52,$4.51,0.12%,"$815,330.40",$4.53,"$1,193,702.46",0.00355,0.00%,"74,218,324",No,"250,000,000",$-0.07791,$4.73,$4.49,$9.13,$1.03,$9.13,$1.03,$17.07,$1.03,$73.45,$1.03,$73.45,$1.03,"Apr 06, 2021","Jan 22, 2022",2022-01-26 21:29:46.733462
92,250,https://s2.coinmarketcap.com/static/img/coins/64x64/14556.png,Boba Network,BOBA,"$266,203,098.53","$840,801,536.34",$1.62,$1.72,$1.69,$1.72,1.74%,"$3,796,746.83",$1.68,"$3,917,248.43",0.01472,0.00%,"158,303,171","500,000,000","500,000,000",$-0.01774,$1.80,$1.68,$2.91,$1.55,$2.91,$1.55,$7.99,$1.55,$7.99,$1.55,$7.99,$1.55,"Nov 25, 2021","Jan 24, 2022",2022-01-26 21:29:49.109736
93,261,https://s2.coinmarketcap.com/static/img/coins/64x64/9258.png,Chia,XCH,"$225,428,141.05","$1,723,347,555.18",$73.44,$79.45,$78.89,$78.75,0.17%,"$16,127,761.27",$76.32,"$14,190,669.11",0.06295,0.00%,"2,953,916",No,"22,582,025",$-1.58,$79.97,$75.82,$87.48,$68.48,$87.48,$68.48,$230.14,$68.48,"$1,934.51",$68.48,"$1,934.51",$68.48,"May 03, 2021","Jan 22, 2022",2022-01-26 21:29:51.513407
94,263,https://s2.coinmarketcap.com/static/img/coins/64x64/1.png,Everscale,EVER,"$225,809,679.18","$626,373,174.95",$0.2896,$0.3087,$0.3012,$0.3007,0.17%,"$3,243,583.93",$0.3071,"$2,848,268.10",0.01261,0.00%,"735,353,906",No,"2,039,797,242",$0.001873,$0.3138,$0.2932,$0.3454,$0.2805,$0.3454,$0.2805,$0.4356,$0.2277,$0.8761,$0.2277,$1.70,$0.1677,"Oct 26, 2020","Dec 27, 2020",2022-01-26 21:29:53.963854
95,266,https://s2.coinmarketcap.com/static/img/coins/64x64/4121.png,Sapphire,SAPP,"$209,095,391.91","$216,153,685.07",$0.3729,$0.3979,$0.3886,$0.3954,1.75%,"$1,395,644.95",$0.389,"$1,008,127.52",0.004821,NaN,"537,572,916",No,"555,719,405",$-0.004528,$0.415,$0.389,$0.4665,$0.3505,$0.4665,$0.3505,$0.6375,$0.3505,$0.6375,$0.0721,$0.6375,$0.00178,"Nov 16, 2021","May 05, 2020",2022-01-26 21:29:57.117749
96,271,https://s2.coinmarketcap.com/static/img/coins/64x64/7431.png,Akash Network,AKT,"$190,970,588.37","$651,665,845.02",$1.77,$1.83,$1.80,$1.79,0.92%,"$1,863,778.47",$1.68,"$1,798,691.20",0.009419,NaN,"113,861,304","388,539,008","162,863,559",$-0.1243,$1.79,$1.67,$2.30,$1.54,$2.30,$1.54,$3.07,$1.39,$8.08,$1.39,$8.08,$0.3335,"Apr 06, 2021","Oct 23, 2020",2022-01-26 21:29:59.669510
97,284,https://s2.coinmarketcap.com/static/img/coins/64x64/5552.png,Hathor,HTR,"$159,772,448.72","$637,971,160.30",$0.6679,$0.7539,$0.6917,$0.7251,4.83%,"$10,676,888.60",$0.7075,"$12,459,593.75",0.07798,NaN,"225,842,072",No,"901,787,072",$-0.0299,$0.7769,$0.6924,$1.21,$0.5943,$1.21,$0.5943,$2.48,$0.5943,$2.48,$0.1823,$2.48,$0.08089,"Nov 21, 2021","Nov 06, 2020",2022-01-26 21:30:02.571908
98,289,https://s2.coinmarketcap.com/static/img/coins/64x64/4660.png,Telos,TLOS,"$157,566,780.66","$207,198,007.82",$0.5307,$0.5823,$0.5387,$0.5634,4.59%,"$3,684,241.85",$0.5833,"$3,595,482.60",0.02282,0.00%,"270,123,444",No,"355,208,371",$0.01708,$0.6017,$0.5565,$0.7503,$0.4879,$0.7503,$0.4879,$1.28,$0.4467,$1.28,$0.03443,$1.28,$0.009753,"Nov 16, 2021","Dec 05, 2020",2022-01-26 21:30:05.859118
99,299,https://s2.coinmarketcap.com/static/img/coins/64x64/9720.png,PlatON,LAT,"$147,174,716.36","$656,548,624.51",$0.06252,$0.06667,$0.06652,$0.0638,4.09%,"$6,091,206.92",$0.06405,"$6,286,512.04",0.04271,0.00%,"2,297,683,349",No,"10,250,000,000",$-0.0008791,$0.06741,$0.06261,$0.1016,$0.05982,$0.1016,$0.05982,$0.3495,$0.05982,$0.8941,$0.05982,$0.8941,$0.05982,"May 12, 2021","Jan 24, 2022",2022-01-26 21:30:08.546932
100,303,https://s2.coinmarketcap.com/static/img/coins/64x64/2780.png,NKN,NKN,"$141,485,441.18","$202,122,058.83",$0.1837,$0.1949,$0.1882,$0.1926,2.36%,"$4,078,513.70",$0.2021,"$5,153,077.78",0.03642,0.01%,"700,000,000","1,000,000,000","700,000,000",$0.009938,$0.2149,$0.189,$0.2869,$0.169,$0.2869,$0.169,$0.8027,$0.169,$1.48,$0.02217,$1.48,$0.006411,"Apr 09, 2021","Mar 13, 2020",2022-01-26 21:30:12.338925
101,305,https://s2.coinmarketcap.com/static/img/coins/64x64/3951.png,Pirate Chain,ARRR,"$140,485,880.30","$148,023,341.92",$0.6965,$0.7242,$0.7076,$0.7202,1.79%,"$212,243.86",$0.7401,"$344,984.85",0.002456,NaN,"189,815,847","200,000,000","189,815,847",$0.0284,$0.7671,$0.7044,$0.9181,$0.6433,$0.9181,$0.6433,$2.30,$0.6433,$16.90,$0.09382,$16.90,$0.01274,"Apr 23, 2021","Mar 16, 2020",2022-01-26 21:30:14.566429
102,308,https://s2.coinmarketcap.com/static/img/coins/64x64/2585.png,CENNZnet,CENNZ,"$139,352,927.14","$139,352,927.14",$0.1055,$0.1649,$0.1104,$0.1435,29.92%,"$7,834,706.90",$0.1161,"$8,318,524.98",0.05969,NaN,"1,200,000,000",No,"1,200,000,000",$-0.009683,$0.1649,$0.1161,$0.2056,$0.1039,$0.2056,$0.1039,$0.3367,$0.07195,$0.3367,$0.03235,$0.5416,$0.01101,"Apr 25, 2018","Mar 10, 2019",2022-01-26 21:30:18.034415
103,308,https://s2.coinmarketcap.com/static/img/coins/64x64/3918.png,Safe,SAFE,"$140,275,097.53","$199,282,139.44",$6.82,$7.60,$7.60,$6.87,9.59%,No Data,$6.73,NaN,No Data,NaN,"20,835,499",No,"29,600,000",$-0.1799,$7.08,$6.68,$8.01,$6.68,$8.01,$6.68,$9.93,$2.82,$9.93,$0.1624,$9.93,$0.1082,"Dec 11, 2021","Oct 23, 2020",2022-01-26 21:30:20.592708
104,316,https://s2.coinmarketcap.com/static/img/coins/64x64/6843.png,Radicle,RAD,"$132,527,341.50","$506,286,689.04",$4.85,$5.10,$5.05,$4.91,2.88%,"$12,392,140.34",$5.06,"$14,464,874.79",0.1091,NaN,"26,176,244","99,999,620","99,998,770",$0.06296,$5.38,$4.84,$7.24,$4.65,$7.24,$4.65,$23.72,$4.65,$27.35,$3.78,$27.35,$3.78,"Apr 15, 2021","Jul 09, 2021",2022-01-26 21:31:17.654616
105,317,https://s2.coinmarketcap.com/static/img/coins/64x64/5453.png,KardiaChain,KAI,"$130,073,881.11","$200,329,402.60",$0.03947,$0.04148,$0.04081,$0.04101,0.47%,"$1,129,136.56",$0.04007,"$1,079,840.63",0.008302,NaN,"3,246,500,000","5,000,000,000","5,000,000,000",$-0.001037,$0.04224,$0.04007,$0.05706,$0.03729,$0.05706,$0.03729,$0.1555,$0.03729,$0.1596,$0.01999,$0.1596,$0.0004011,"Apr 14, 2021","May 11, 2020",2022-01-26 21:31:21.809019
106,322,https://s2.coinmarketcap.com/static/img/coins/64x64/1343.png,Stratis,STRAX,"$125,791,773.70","$125,791,773.70",$0.9007,$0.9544,$0.9411,$0.9342,0.74%,"$5,383,265.88",$0.9441,"$10,411,278.88",0.08277,0.01%,"133,240,293",No,"133,240,293",$0.0196,$0.9979,$0.9154,$1.35,$0.845,$1.35,$0.845,$2.67,$0.845,$4.51,$0.5149,$22.66,$0.008483,"Jan 08, 2018","Aug 13, 2016",2022-01-26 21:31:25.394208
107,326,https://s2.coinmarketcap.com/static/img/coins/64x64/2137.png,Electroneum,ETN,"$123,280,442.29","$144,535,280.43",$0.006689,$0.007119,$0.006845,$0.006805,0.58%,"$288,275.83",$0.006883,"$337,209.55",0.002735,NaN,"17,911,815,582","21,000,000,000","17,911,815,582",$0.00003001,$0.007358,$0.006718,$0.009446,$0.006364,$0.009446,$0.006364,$0.0285,$0.006364,$0.04073,$0.004902,$0.2362,$0.001428,"Nov 02, 2017","Mar 13, 2020",2022-01-26 21:31:27.844203
108,330,https://s2.coinmarketcap.com/static/img/coins/64x64/1762.png,Ergo,ERG,"$122,945,835.60","$375,376,607.71",$3.07,$3.33,$3.28,$3.33,1.41%,"$1,532,979.52",$3.84,"$2,621,559.46",0.02132,0.01%,"32,012,428","97,739,924","35,316,150",$0.5241,$3.99,$3.28,$4.37,$2.83,$4.37,$2.83,$11.40,$2.83,$19.60,$0.7462,$44.06,$0.09398,"Jul 01, 2019","Mar 13, 2020",2022-01-26 21:31:30.504332
109,338,https://s2.coinmarketcap.com/static/img/coins/64x64/6756.png,Acala Token,ACA,"$115,553,589.50","$1,667,332,152.71",$1.83,$3.10,$3.10,$2.00,35.45%,"$117,159,828.78",$1.67,"$46,935,894.81",0.4062,NaN,"69,304,481","1,000,000,000","1,000,000,000",$-0.2496,$2.08,$1.67,$3.10,$1.67,$3.10,$1.67,$3.10,$1.67,$3.10,$1.67,$3.10,$1.67,"Jan 25, 2022","Jan 26, 2022",2022-01-26 21:31:33.231994
110,333,https://s2.coinmarketcap.com/static/img/coins/64x64/3437.png,ABBC Coin,ABBC,"$120,660,435.74","$188,138,956.61",$0.1269,$0.1292,$0.129,$0.1269,1.61%,"$41,041,457.07",$0.1254,"$39,423,304.16",0.3267,0.01%,"962,005,195","1,500,000,000","1,500,000,000",$-0.002907,$0.1293,$0.1253,$0.1711,$0.1253,$0.1711,$0.1253,$0.3464,$0.1107,$0.8014,$0.09896,$2.05,$0.02939,"Oct 25, 2018","Dec 06, 2018",2022-01-26 21:31:35.656279
111,336,https://s2.coinmarketcap.com/static/img/coins/64x64/1230.png,Steem,STEEM,"$116,121,140.40","$120,307,681.86",$0.2741,$0.2933,$0.2891,$0.2918,0.92%,"$17,435,812.31",$0.294,"$24,501,448.88",0.211,0.01%,"394,951,699",No,"409,190,981",$0.002204,$0.3106,$0.2854,$0.3988,$0.2551,$0.3988,$0.2551,$0.8312,$0.2551,$1.44,$0.1654,$8.57,$0.06919,"Jan 03, 2018","Mar 10, 2017",2022-01-26 21:31:38.053113
112,342,https://s2.coinmarketcap.com/static/img/coins/64x64/3418.png,Metadium,META,"$112,910,552.23","$133,830,253.46",$0.05815,$0.06349,$0.06349,$0.06275,1.16%,"$3,377,896.78",$0.06692,"$18,507,823.99",0.1639,0.01%,"1,687,369,624",No,"2,000,000,000",$0.004058,$0.07367,$0.06068,$0.09517,$0.05698,$0.09517,$0.05698,$0.2078,$0.05698,$0.4466,$0.007682,$0.4466,$0.002862,"Apr 01, 2021","Mar 13, 2020",2022-01-26 21:31:41.677612
113,344,https://s2.coinmarketcap.com/static/img/coins/64x64/1586.png,Ark,ARK,"$110,715,826.59","$132,566,104.73",$0.7382,$0.8296,$0.8009,$0.7846,2.03%,"$5,631,572.68",$0.822,"$6,311,839.99",0.05701,0.01%,"134,695,983",No,"161,278,856",$0.02466,$0.8678,$0.7766,$1.09,$0.7201,$1.09,$0.7201,$2.15,$0.7201,$3.98,$0.3671,$10.91,$0.03014,"Jan 09, 2018","Mar 22, 2017",2022-01-26 21:31:44.535400
114,345,https://s2.coinmarketcap.com/static/img/coins/64x64/2492.png,Elastos,ELA,"$110,615,167.62","$153,417,223.60",$5.24,$6.52,$5.39,$6.48,20.24%,"$2,781,243.96",$5.44,"$3,129,415.69",0.02829,0.01%,"20,346,868","28,220,000","24,940,212",$-0.3868,$6.52,$5.43,$7.72,$4.49,$7.72,$4.49,$7.72,$2.29,$14.09,$1.85,$93.96,$0.8393,"Feb 24, 2018","Mar 13, 2020",2022-01-26 21:31:48.124314
115,353,https://s2.coinmarketcap.com/static/img/coins/64x64/1.png,Centrifuge,CFG,"$106,892,955.46","$289,937,560.48",$0.6526,$0.699,$0.6635,$0.6667,0.49%,"$4,493,106.23",$0.6743,"$4,885,328.31",0.0457,0.00%,"158,534,685",No,"430,011,123",$0.0002611,$0.699,$0.6599,$0.8412,$0.6396,$0.8412,$0.6396,$2.33,$0.6105,$2.58,$0.6009,$2.58,$0.6009,"Oct 14, 2021","Jul 16, 2021",2022-01-26 21:31:50.651598
116,358,https://s2.coinmarketcap.com/static/img/coins/64x64/1750.png,GXChain,GXC,"$104,508,164.55","$139,344,219.40",$1.35,$1.43,$1.42,$1.40,1.25%,"$11,281,909.38",$1.39,"$14,820,363.78",0.1418,0.01%,"75,000,000","100,000,000","99,935,303",$0.01052,$1.50,$1.37,$2.04,$1.14,$2.04,$1.14,$5.64,$0.5344,$5.64,$0.3202,$11.24,$0.1912,"Jan 07, 2018","Mar 13, 2020",2022-01-26 21:31:53.195876
117,358,https://s2.coinmarketcap.com/static/img/coins/64x64/5060.png,XeniosCoin,XNC,"$104,316,697.39","$150,440,419.84",$1.35,$1.38,$1.36,$1.37,0.4%,"$59,815.89",$1.37,"$54,523.85",0.0005227,NaN,"76,274,958","110,000,000","100,413,374",$-0.0005123,$1.40,$1.36,$1.50,$1.29,$1.50,$1.29,$2.11,$0.8962,$4.11,$0.7371,$4.11,$0.06441,"Aug 23, 2021","Jan 12, 2020",2022-01-26 21:31:55.851847
118,361,https://s2.coinmarketcap.com/static/img/coins/64x64/1.png,Hyperion,HYN,"$102,439,954.83","$5,026,911,572.76",$0.29,$0.2903,$0.2901,$0.2902,0.02%,No Data,$0.5027,$34.76,0.00000034,NaN,"203,783,085","10,000,000,000","7,876,642,307",$0.2125,$0.5346,$0.2901,$0.8425,$0.29,$0.8425,$0.29,$1.25,$0.0001998,$1.25,$0.0001998,$1.25,$0.0001998,"Jan 01, 2022","Dec 06, 2021",2022-01-26 21:31:59.555097
119,370,https://s2.coinmarketcap.com/static/img/coins/64x64/2570.png,TomoChain,TOMO,"$100,777,461.60","$113,200,923.33",$1.05,$1.13,$1.07,$1.12,4.26%,"$5,417,968.16",$1.13,"$6,377,431.82",0.06328,0.01%,"89,025,300",No,"100,000,000",$0.0135,$1.20,$1.10,$1.48,$0.955,$1.48,$0.955,$3.78,$0.955,$3.92,$0.955,$3.92,$0.1407,"Sep 06, 2021","Mar 13, 2020",2022-01-26 21:32:03.584776
120,377,https://s2.coinmarketcap.com/static/img/coins/64x64/5221.png,Handshake,HNS,"$98,158,149.35","$434,616,017.22",$0.2014,$0.2132,$0.2049,$0.2062,0.62%,"$297,480.04",$0.213,"$383,254.88",0.003904,0.01%,"460,734,572","2,040,000,000","460,734,572",$0.004801,$0.2198,$0.2014,$0.2725,$0.185,$0.2725,$0.185,$0.5298,$0.185,$0.8528,$0.1136,$0.8528,$0.07553,"May 05, 2021","Jun 28, 2020",2022-01-26 21:32:06.434157
121,396,https://s2.coinmarketcap.com/static/img/coins/64x64/3626.png,RSK Smart Bitcoin,RBTC,"$89,159,643.54","$777,964,421,431.77","$35,610.12","$37,440.13","$36,492.41","$36,794.41",0.83%,"$89,969.46","$37,046.34","$19,475.98",0.0002184,0.01%,"2,407",No,"20,999,764",$252.33,"$38,886.68","$36,372.38","$43,280.02","$33,042.77","$43,280.02","$33,042.77","$68,645.08","$33,042.77","$79,765.45","$28,683.18","$146,324.97","$3,107.40","Dec 13, 2019","Dec 14, 2018",2022-01-26 21:32:08.964852
122,415,https://s2.coinmarketcap.com/static/img/coins/64x64/3874.png,IRISnet,IRIS,"$82,261,801.61","$141,752,644.91",$0.06651,$0.07064,$0.06826,$0.06917,1.33%,"$2,623,716.07",$0.06883,"$4,065,337.12",0.04942,0.00%,"1,195,192,132",No,"2,059,542,127",$-0.0007638,$0.07319,$0.06775,$0.09626,$0.06138,$0.09626,$0.06138,$0.2171,$0.06138,$0.3177,$0.05197,$0.3177,$0.008254,"Apr 11, 2021","Mar 13, 2020",2022-01-26 21:32:12.585324
123,419,https://s2.coinmarketcap.com/static/img/coins/64x64/4807.png,CertiK,CTK,"$80,517,444.69","$131,445,699.27",$1.16,$1.29,$1.16,$1.24,6.9%,"$13,827,186.75",$1.24,"$14,954,410.17",0.1857,0.00%,"64,707,191",No,"105,635,269",$-0.01794,$1.36,$1.23,$1.40,$1.04,$1.40,$1.04,$3.26,$1.04,$3.97,$0.754,$3.97,NaN,"Apr 06, 2021","Oct 23, 2020",2022-01-26 21:32:16.284271
124,420,https://s2.coinmarketcap.com/static/img/coins/64x64/2665.png,Dero,DERO,"$80,403,331.67","$132,699,663.09",$6.85,$7.41,$7.37,$6.93,5.87%,"$368,340.26",$7.21,"$643,674.79",0.008006,0.00%,"11,148,644",No,"18,400,000",$0.07995,$7.50,$6.85,$10.27,$6.07,$10.27,$6.07,$27.02,$6.07,$27.28,$0.5856,$27.28,$0.201,"Oct 10, 2021","Sep 19, 2018",2022-01-26 21:32:18.701782
125,426,https://s2.coinmarketcap.com/static/img/coins/64x64/2606.png,Wanchain,WAN,"$79,019,398.58","$86,112,666.57",$0.3857,$0.4042,$0.3973,$0.3968,0.14%,"$1,478,656.92",$0.4101,"$2,665,557.34",0.03373,0.00%,"192,701,891","210,000,000","192,701,891",$0.01489,$0.4292,$0.3905,$0.5584,$0.3715,$0.5584,$0.3715,$1.17,$0.3715,$2.64,$0.3674,$9.92,$0.07575,"May 03, 2018","Mar 13, 2020",2022-01-26 21:32:21.229339
126,422,https://s2.coinmarketcap.com/static/img/coins/64x64/9104.png,AIOZ Network,AIOZ,"$79,109,023.04","$209,270,790.80",$0.184,$0.2224,$0.1916,$0.2091,9.09%,"$1,862,711.15",$0.2093,"$1,347,821.35",0.01704,NaN,"378,022,287","1,000,000,000","1,000,000,000",$-0.009077,$0.2189,$0.2,$0.2779,$0.1624,$0.2779,$0.1624,$1.17,$0.1624,$2.67,$0.1605,$2.67,$0.1605,"Apr 03, 2021","Jul 21, 2021",2022-01-26 21:32:23.696915
127,433,https://s2.coinmarketcap.com/static/img/coins/64x64/1993.png,Kin,KIN,"$74,001,135.51","$437,875,657.33",$0.00003376,$0.00004157,$0.00003499,$0.00004151,18.63%,"$3,376,202.83",$0.00004379,"$4,649,216.45",0.06283,0.00%,"1,690,003,412,395","10,000,000,000,000","10,000,000,000,000",$0.000006551,$0.00004559,$0.00003702,$0.00005204,$0.00002861,$0.00005204,$0.00002861,$0.0003832,$0.00002861,$0.0005336,$0.00002861,$0.001493,$0.000002355,"Jan 06, 2018","Jan 09, 2020",2022-01-26 21:32:26.098831
128,442,https://s2.coinmarketcap.com/static/img/coins/64x64/1.png,Shyft Network,SHFT,"$71,983,188.76","$1,263,795,568.12",$0.4802,$0.4919,$0.4886,$0.49,0.29%,"$140,985.97",$0.5015,"$426,808.61",0.005929,NaN,"143,534,002","2,520,000,000","2,520,000,000",$0.01406,$0.5081,$0.4839,$0.6585,$0.4576,$0.6585,$0.4576,$0.8712,$0.3501,$6.40,$0.3501,$6.40,$0.3501,"Mar 28, 2021","Dec 26, 2021",2022-01-26 21:32:30.152512
129,448,https://s2.coinmarketcap.com/static/img/coins/64x64/213.png,MonaCoin,MONA,"$69,727,919.06","$111,514,302.57",$0.989,$1.02,$0.9999,$1.01,1.3%,"$529,385.64",$1.06,"$841,726.41",0.01207,0.00%,"65,729,675","105,120,000","65,729,675",$0.05111,$1.09,$1.00,$1.14,$0.9701,$1.14,$0.9701,$1.94,$0.9701,$4.36,$0.9701,$20.23,$0.0196,"Dec 06, 2017","Jan 14, 2015",2022-01-26 21:32:32.826918
130,452,https://s2.coinmarketcap.com/static/img/coins/64x64/463.png,BitShares,BTS,"$68,054,825.91","$81,824,380.29",$0.02196,$0.02297,$0.02265,$0.0227,0.21%,"$3,473,323.73",$0.02273,"$3,832,515.37",0.05632,0.00%,"2,994,660,000","3,600,570,502","2,994,660,000",$0.00005602,$0.02432,$0.02246,$0.03004,$0.01999,$0.03004,$0.01999,$0.06215,$0.01999,$0.1739,$0.01999,$0.9168,$0.002387,"Jan 02, 2018","Jan 07, 2016",2022-01-26 21:32:35.298534
131,454,https://s2.coinmarketcap.com/static/img/coins/64x64/6841.png,Phala Network,PHA,"$67,855,855.77","$249,470,057.96",$0.2402,$0.2583,$0.256,$0.2446,4.47%,"$10,216,956.55",$0.2495,"$11,161,192.33",0.1645,0.00%,"272,000,000","1,000,000,000","1,000,000,000",$0.005613,$0.2636,$0.2402,$0.3637,$0.2303,$0.5296,$0.2303,$0.9378,$0.2303,$1.41,$0.2303,$1.41,$0.07474,"May 15, 2021","Nov 26, 2020",2022-01-26 21:32:39.649511
132,470,https://s2.coinmarketcap.com/static/img/coins/64x64/1521.png,Komodo,KMD,"$64,287,371.63","$99,017,516.15",$0.4813,$0.509,$0.4902,$0.4909,0.14%,"$657,425.61",$0.4951,"$809,289.21",0.01259,0.00%,"129,850,503","200,000,000","129,850,503",$-0.0006722,$0.5249,$0.4855,$0.6202,$0.4487,$0.6202,$0.4487,$1.61,$0.4487,$4.71,$0.4487,$15.41,$0.002143,"Dec 21, 2017","Mar 13, 2017",2022-01-26 21:32:42.099258
133,474,https://s2.coinmarketcap.com/static/img/coins/64x64/5622.png,Darma Cash,DMCH,"$63,451,671.72","$134,825,813.78",$0.2861,$0.2931,$0.2862,$0.293,2.39%,"$44,264.52",$0.2931,"$35,454.48",0.0005588,NaN,"216,485,020","460,000,000","216,485,020",$0.0001164,$0.2932,$0.293,$0.2989,$0.2861,$0.2989,$0.2861,$0.8186,$0.005096,$1.90,$0.005096,$1.90,$0.005096,"Aug 19, 2021","Nov 30, 2021",2022-01-26 21:32:44.463790
134,475,https://s2.coinmarketcap.com/static/img/coins/64x64/3930.png,Thunder Token,TT,"$63,483,853.50","$77,605,422.82",$0.006883,$0.007248,$0.007187,$0.007178,0.14%,"$6,110,906.49",$0.007761,"$30,597,463.08",0.482,0.00%,"8,180,337,300","10,000,000,000","10,000,000,000",$0.0005855,$0.00816,$0.007051,$0.009416,$0.006445,$0.009416,$0.006445,$0.01986,$0.006445,$0.04028,$0.004187,$0.04028,$0.002613,"Apr 03, 2021","Mar 13, 2020",2022-01-26 21:32:48.110778
135,486,https://s2.coinmarketcap.com/static/img/coins/64x64/1.png,LTO Network,LTO,"$60,733,154.63","$82,405,597.09",$0.189,$0.2056,$0.1986,$0.2051,3.27%,"$7,265,499.42",$0.2043,"$11,917,487.46",0.1962,0.00%,"297,301,968","403,393,276","397,969,833",$0.005339,$0.2253,$0.1939,$0.3059,$0.1712,$0.3059,$0.1712,$0.8113,$0.1712,$0.9052,$0.1333,$0.9052,$0.01969,"Apr 07, 2021","Dec 02, 2019",2022-01-26 21:32:51.024346
136,511,https://s2.coinmarketcap.com/static/img/coins/64x64/2638.png,Cortex,CTXC,"$55,215,191.40","$87,224,182.98",$0.2838,$0.3149,$0.2916,$0.295,1.18%,"$13,431,533.09",$0.2909,"$12,244,883.10",0.2218,0.00%,"189,776,475","299,792,458","299,792,458",$-0.004308,$0.3175,$0.2875,$0.3951,$0.2325,$0.3951,$0.2325,$1.36,$0.1705,$1.36,$0.09696,$2.41,$0.03413,"Apr 30, 2018","Mar 16, 2020",2022-01-26 21:32:53.417274
137,514,https://s2.coinmarketcap.com/static/img/coins/64x64/4074.png,ScPrime,SCP,"$54,565,543.38","$62,428,929.24",$1.20,$1.49,$1.43,$1.34,6.36%,"$105,358.81",$1.35,"$48,739.32",0.0008932,NaN,"40,479,562",No,"46,313,031",$0.05504,$1.42,$1.20,$2.00,$1.15,$2.00,$1.15,$3.60,$0.224,$3.60,$0.01871,$3.60,$0.003701,"Jan 09, 2022","Dec 02, 2020",2022-01-26 21:32:55.936959
138,532,https://s2.coinmarketcap.com/static/img/coins/64x64/3175.png,Maro,MARO,"$50,641,368.15","$71,155,776.66",$0.06597,$0.07248,$0.06891,$0.06947,0.82%,"$1,110,405.28",$0.07116,"$536,653.37",0.0106,0.00%,"711,697,216","1,000,000,000","956,559,371",$0.002054,$0.0761,$0.06837,$0.08735,$0.05981,$0.08735,$0.05981,$0.258,$0.05981,$0.8955,$0.02047,$0.8955,$0.009605,"Apr 02, 2021","Jan 24, 2019",2022-01-26 21:32:58.234778
139,531,https://s2.coinmarketcap.com/static/img/coins/64x64/2021.png,RChain,REV,"$50,816,730.19","$69,558,004.43",$0.07001,$0.08773,$0.07276,$0.08748,20.24%,"$1,286,742.03",$0.07989,"$1,161,558.53",0.02286,NaN,"636,077,419",No,"870,663,574",$0.003904,$0.08797,$0.07549,$0.1004,$0.06973,$0.1004,$0.06973,$0.1469,$0.06973,$0.6264,$0.02191,$3.14,$0.008209,"Jan 08, 2018","Mar 16, 2020",2022-01-26 21:33:00.574135
140,538,https://s2.coinmarketcap.com/static/img/coins/64x64/4003.png,Zenon,ZNN,"$49,567,856.29","$55,613,447.06",$7.45,$10.12,$9.85,$8.21,16.67%,"$208,182.53",$7.83,"$321,006.51",0.006476,NaN,"6,330,750",No,"7,102,886",$-1.21,$9.06,$7.11,$14.12,$7.11,$14.12,$7.11,"$14,535,421.57",$3.00,"$14,535,421.57",$3.00,"$14,535,421.57",$0.1752,"Nov 21, 2021","Oct 20, 2019",2022-01-26 21:33:03.435862
141,537,https://s2.coinmarketcap.com/static/img/coins/64x64/8541.png,SifChain,erowan,"$49,743,895.86","$114,075,546.75",$0.09136,$0.102,$0.09845,$0.09297,5.57%,"$272,982.27",$0.09196,"$267,086.99",0.005369,NaN,"540,915,833",No,"1,240,459,123",$-0.002614,$0.09867,$0.08228,$0.1553,$0.08092,$0.1553,$0.08092,$0.4467,$0.08092,$1.43,$0.08092,$1.43,$0.08092,"Mar 17, 2021","Jan 24, 2022",2022-01-26 21:33:07.198198
142,550,https://s2.coinmarketcap.com/static/img/coins/64x64/4268.png,NewYork Exchange,NYE,"$47,967,184.89","$4,059,247,944.80",$6.93,$7.32,$7.31,$6.93,5.17%,"$454,771.16",$6.77,"$475,186.56",0.009906,NaN,"7,090,060","600,000,000","381,966,631",$-0.4627,$7.85,$6.76,$8.64,$6.42,$8.64,$6.42,$17.51,$6.42,$25.84,$3.24,$25.84,$1.58,"Mar 10, 2021","Oct 28, 2019",2022-01-26 21:33:10.693865
143,556,https://s2.coinmarketcap.com/static/img/coins/64x64/1.png,FIO Protocol,FIO,"$45,785,172.41","$97,286,293.93",$0.09188,$0.09612,$0.09467,$0.09426,0.44%,"$2,439,986.61",$0.09729,"$2,312,054.21",0.0505,0.00%,"470,623,050","1,000,000,000","806,105,127",$0.004306,$0.1012,$0.09188,$0.1378,$0.08421,$0.1378,$0.08421,$0.437,$0.08421,$0.5691,$0.06642,$0.5691,$0.05809,"Apr 06, 2021","Jan 05, 2021",2022-01-26 21:33:13.169649
144,563,https://s2.coinmarketcap.com/static/img/coins/64x64/1883.png,Adshares,ADS,"$44,622,556.75","$79,217,812.86",$1.94,$2.07,$1.99,$2.04,2.43%,"$2,770,650.00",$2.04,"$2,870,091.60",0.06432,0.00%,"21,832,088","38,758,206","38,758,206",$-0.01064,$2.16,$2.03,$2.34,$1.87,$2.34,$1.87,"$1,548.86",$1.63,"$1,548.86",$0.02073,"$1,548.86",$0.004805,"Jan 19, 2022","Mar 06, 2019",2022-01-26 21:33:15.599179
145,563,https://s2.coinmarketcap.com/static/img/coins/64x64/1.png,Firo,FIRO,"$44,513,022.97","$74,231,299.43",$3.40,$3.57,$3.44,$3.56,3.43%,"$2,114,777.86",$3.47,"$2,622,337.79",0.05891,0.00%,"12,832,575","21,400,000","12,427,855",$-0.07068,$3.71,$3.47,$4.53,$3.11,$4.53,$3.11,$9.74,$3.11,$25.14,$3.11,$169.99,$0.2751,"Dec 26, 2017","Dec 02, 2016",2022-01-26 21:33:18.027138
146,566,https://s2.coinmarketcap.com/static/img/coins/64x64/2062.png,Aion,AION,"$43,731,372.63","$43,731,372.63",$0.08284,$0.08732,$0.0867,$0.08499,1.97%,"$3,525,836.83",$0.08728,"$4,288,693.11",0.09807,0.00%,"501,044,117",No,"501,044,117",$0.001099,$0.09256,$0.08395,$0.1481,$0.07582,$0.1481,$0.07582,$0.3483,$0.07582,$0.6905,$0.0646,$11.51,$0.04064,"Jan 07, 2018","Mar 13, 2020",2022-01-26 21:33:20.410232
147,571,https://s2.coinmarketcap.com/static/img/coins/64x64/3218.png,Energi,NRG,"$43,199,496.71","$43,199,496.71",$0.8426,$0.9133,$0.8926,$0.8904,0.25%,"$177,308.09",$0.8731,"$154,847.70",0.003584,0.00%,"49,478,873",No,"49,478,873",$-0.003435,$0.9396,$0.8698,$1.05,$0.8022,$1.05,$0.8022,$3.04,$0.8022,$4.57,$0.8022,$9.90,$0.245,"Jun 25, 2019","Sep 19, 2018",2022-01-26 21:33:23.006385
148,572,https://s2.coinmarketcap.com/static/img/coins/64x64/1866.png,Bytom,BTM,"$42,805,060.87","$55,018,244.86",$0.02611,$0.02763,$0.02744,$0.0269,2%,"$4,347,035.29",$0.0262,"$3,745,799.44",0.08751,0.00%,"1,633,833,069","2,100,000,000","1,730,638,425",$-0.000699,$0.02814,$0.02596,$0.03458,$0.02493,$0.03458,$0.02493,$0.07255,$0.02449,$0.2882,$0.02449,$1.17,$0.02449,"Apr 24, 2018","Jan 24, 2022",2022-01-26 21:33:25.825845
149,576,https://s2.coinmarketcap.com/static/img/coins/64x64/258.png,Groestlcoin,GRS,"$42,237,846.65","$55,921,186.35",$0.5009,$0.522,$0.5212,$0.5191,0.41%,"$2,644,520.16",$0.5326,"$7,741,072.25",0.1833,0.00%,"79,307,579","105,000,000","79,307,579",$0.01494,$0.5584,$0.511,$0.696,$0.4757,$0.696,$0.4757,$1.10,$0.4757,$2.79,$0.3246,$2.79,$0.00006022,"Apr 09, 2021","Nov 17, 2014",2022-01-26 21:33:28.353088
150,581,https://s2.coinmarketcap.com/static/img/coins/64x64/1312.png,Steem Dollars,SBD,"$41,495,350.77","$41,495,350.77",$3.68,$3.95,$3.95,$3.88,1.75%,"$1,016,280.04",$3.98,"$3,038,138.59",0.07322,0.00%,"10,418,358",No,"10,418,358",$0.1089,$4.15,$3.79,$5.65,$3.68,$5.65,$3.68,$7.95,$3.68,$16.53,$2.71,$22.34,$0.2603,"May 17, 2017","Oct 23, 2020",2022-01-26 21:33:30.763584
151,580,https://s2.coinmarketcap.com/static/img/coins/64x64/2530.png,Fusion,FSN,"$41,875,130.44","$48,505,128.22",$0.5496,$0.5765,$0.5619,$0.5713,1.68%,"$4,102,409.28",$0.5921,"$2,392,196.82",0.05713,0.00%,"70,722,639","81,920,000","70,354,039",$0.01922,$0.5992,$0.5626,$0.7242,$0.5273,$0.7242,$0.5273,$1.98,$0.4605,$2.71,$0.1744,$12.60,$0.07753,"May 05, 2018","Mar 14, 2020",2022-01-26 21:33:33.068720
152,586,https://s2.coinmarketcap.com/static/img/coins/64x64/2662.png,Haven Protocol,XHV,"$40,803,690.68","$40,803,690.68",$1.71,$1.87,$1.83,$1.76,3.82%,"$747,544.05",$1.81,"$681,931.37",0.01671,0.00%,"22,549,682",No,"22,549,682",$0.008474,$1.93,$1.71,$3.06,$1.65,$3.06,$1.65,$21.14,$1.65,$28.99,$1.65,$28.99,$0.07652,"Apr 15, 2021","Sep 25, 2019",2022-01-26 21:33:35.807624
153,593,https://s2.coinmarketcap.com/static/img/coins/64x64/2992.png,Apollo Currency,APL,"$40,305,071.74","$40,305,071.74",$0.001877,$0.00213,$0.002075,$0.001919,7.51%,"$3,029,686.61",$0.001904,"$2,934,041.36",0.0728,0.00%,"21,165,096,531",No,"21,165,096,531",$-0.00001381,$0.002012,$0.001886,$0.002603,$0.001877,$0.002603,$0.001877,$0.004124,$0.00178,$0.009948,$0.0007979,$0.05699,$0.0002459,"Nov 22, 2020","Nov 23, 2020",2022-01-26 21:33:38.638057
154,608,https://s2.coinmarketcap.com/static/img/coins/64x64/2092.png,NULS,NULS,"$38,233,332.81","$80,595,666.58",$0.3508,$0.3826,$0.3805,$0.3603,5.32%,"$13,828,912.45",$0.3838,"$14,969,534.08",0.3915,0.00%,"99,620,739","210,000,000","111,697,638",$0.0227,$0.413,$0.3567,$0.5711,$0.3148,$0.5711,$0.3148,$1.90,$0.3148,$2.03,$0.2763,$8.54,$0.0948,"Jan 10, 2018","Oct 28, 2017",2022-01-26 21:33:41.489529
155,604,https://s2.coinmarketcap.com/static/img/coins/64x64/5031.png,MimbleWimbleCoin,MWC,"$38,553,517.83","$71,311,445.68",$3.19,$3.63,$3.27,$3.30,0.77%,"$147,036.67",$3.57,"$104,459.65",0.002709,NaN,"10,812,715","20,000,000","10,812,715",$-0.01828,$3.77,$3.26,$6.80,$2.86,$6.80,$2.86,$10.21,$2.86,$25.47,$2.66,$32.49,$2.37,"Feb 25, 2020","Dec 12, 2020",2022-01-26 21:33:44.083593
156,616,https://s2.coinmarketcap.com/static/img/coins/64x64/2941.png,CoinEx Token,CET,"$36,354,872.97",NaN,$0.0481,$0.05032,$0.04884,$0.05032,3.02%,"$960,979.50",$0.0513,"$1,218,377.74",0.03351,NaN,"708,633,582",No,"5,817,096,877",$0.001717,$0.05276,$0.04952,$0.06403,$0.04526,$0.06403,$0.04526,$0.1208,$0.04526,$0.1459,$0.009723,$0.1459,$0.003805,"May 12, 2021","Dec 07, 2018",2022-01-26 21:33:46.958775
157,631,https://s2.coinmarketcap.com/static/img/coins/64x64/4078.png,Super Zero Protocol,SERO,"$34,945,883.76","$66,101,095.86",$0.1006,$0.1058,$0.1007,$0.1027,2.04%,"$477,824.29",$0.1021,"$379,902.54",0.01087,0.00%,"342,245,953","647,367,590","625,988,931",$0.0001716,$0.1043,$0.1016,$0.1105,$0.09572,$0.1105,$0.09572,$0.1644,$0.08639,$0.4397,$0.08639,$0.4397,$0.02999,"Apr 10, 2021","Mar 13, 2020",2022-01-26 21:33:49.954374
158,634,https://s2.coinmarketcap.com/static/img/coins/64x64/5049.png,VerusCoin,VRSC,"$34,578,216.93","$43,429,726.30",$0.4845,$0.5805,$0.5247,$0.5309,1.18%,"$28,459.28",$0.5199,"$15,908.71",0.0004601,NaN,"66,513,673","83,540,184","66,513,673",$-0.05738,$0.5786,$0.5096,$0.6951,$0.4565,$0.6951,$0.4565,$1.23,$0.4565,$3.42,$0.2246,$3.42,$0.04129,"Apr 26, 2021","Jan 23, 2021",2022-01-26 21:33:53.182754
159,637,https://s2.coinmarketcap.com/static/img/coins/64x64/3702.png,Beam,BEAM,"$33,889,872.59","$83,788,154.35",$0.296,$0.3157,$0.3127,$0.311,0.55%,"$5,189,516.40",$0.3188,"$3,821,278.41",0.1128,0.00%,"106,294,960","262,800,000","106,294,960",$0.007188,$0.3374,$0.3058,$0.4525,$0.2712,$0.4525,$0.2712,$1.31,$0.2712,$2.07,$0.2712,$3.18,$0.1483,"Jan 28, 2019","Mar 13, 2020",2022-01-26 21:33:55.668631
160,637,https://s2.coinmarketcap.com/static/img/coins/64x64/372.png,Bytecoin,BCN,"$33,608,147.29","$33,681,760.97",$0.000172,$0.0001839,$0.0001817,$0.000175,3.68%,"$52,489.62",$0.0001826,"$43,618.91",0.001298,NaN,"184,066,828,814","184,470,000,000","184,066,828,814",$0.000006253,$0.0001924,$0.0001704,$0.000332,$0.0001704,$0.000332,$0.0001704,$0.001445,$0.0001704,$0.01192,$0.0001466,$0.03013,$0.00000561,"May 08, 2018","Nov 29, 2014",2022-01-26 21:33:58.163298
161,641,https://s2.coinmarketcap.com/static/img/coins/64x64/1700.png,Aeternity,AE,"$33,103,843.99","$50,729,184.75",$0.07784,$0.1003,$0.08929,$0.08877,0.58%,"$1,939,197.70",$0.09459,"$4,320,668.50",0.1305,0.00%,"349,972,378","536,306,702","395,793,321",$-0.004522,$0.1011,$0.08209,$0.11,$0.07734,$0.11,$0.07734,$0.2677,$0.07734,$0.5318,$0.07532,$5.86,$0.0545,"Apr 29, 2018","Mar 13, 2020",2022-01-26 21:34:00.779402
162,641,https://s2.coinmarketcap.com/static/img/coins/64x64/5115.png,TerraKRW,KRT,"$32,801,912.93","$32,802,529.70",$0.0008448,$0.000856,$0.0008459,$0.0008463,0.05%,"$34,848.25",$0.0008459,"$72,013.01",0.002195,NaN,"38,776,593,376",No,"38,777,322,485",$-0.0000004669,$0.000859,$0.0008416,$0.0008691,$0.0007536,$0.0008691,$0.0007536,$0.00125,$0.00007199,$0.00125,$0.00007199,$0.003216,$0.00007199,"Jan 03, 2021","Nov 10, 2021",2022-01-26 21:34:03.206949
163,647,https://s2.coinmarketcap.com/static/img/coins/64x64/1107.png,PAC Protocol,PAC,"$32,086,161.14","$99,965,848.57",$0.001972,$0.002248,$0.002171,$0.002051,5.55%,"$178,329.69",$0.001999,"$229,608.06",0.007156,0.00%,"16,048,561,386","50,000,000,000","16,023,129,470",$-0.000168,$0.002194,$0.001946,$0.002674,$0.001822,$0.002674,$0.001822,$0.006485,$0.001822,$0.01909,$0.0004555,$0.01909,$0.000000002312,"Mar 24, 2021","Sep 17, 2016",2022-01-26 21:34:05.782182
164,666,https://s2.coinmarketcap.com/static/img/coins/64x64/3704.png,v.systems,VSYS,"$30,308,385.94","$53,883,773.07",$0.0115,$0.01277,$0.01202,$0.01215,1.06%,"$1,986,722.97",$0.01226,"$942,680.28",0.0311,0.00%,"2,472,980,292",No,"4,396,588,756",$0.00009791,$0.01277,$0.01197,$0.01651,$0.01116,$0.01651,$0.01116,$0.02671,$0.01116,$0.07301,$0.01116,$0.2975,$0.01116,"Jul 29, 2019","Jan 24, 2022",2022-01-26 21:34:08.739814
165,683,https://s2.coinmarketcap.com/static/img/coins/64x64/6641.png,AhaToken,AHT,"$28,750,146.31","$92,156,291.50",$0.007889,$0.008444,$0.008434,$0.008354,0.94%,"$864,883.94",$0.008777,"$5,394,944.62",0.1876,0.00%,"3,275,701,868","10,500,000,000","7,773,367,076",$0.0004606,$0.009439,$0.008145,$0.01092,$0.007556,$0.01092,$0.007556,$0.02337,$0.007556,$0.03368,$0.003568,$0.03368,$0.003568,"Oct 09, 2021","Jun 22, 2021",2022-01-26 21:34:11.090095
166,682,https://s2.coinmarketcap.com/static/img/coins/64x64/5274.png,Edgeware,EDG,"$28,799,764.79","$32,101,187.26",$0.004163,$0.005037,$0.004188,$0.004686,11.88%,"$1,295,948.01",$0.004824,"$1,747,524.59",0.06068,0.00%,"5,970,131,015",No,"6,654,508,990",$0.0001137,$0.005303,$0.004595,$0.006407,$0.003691,$0.006407,$0.003691,$0.03893,$0.003691,$0.0562,$0.003691,$0.0562,$0.001383,"Mar 30, 2021","Mar 13, 2020",2022-01-26 21:34:13.831901
167,701,https://s2.coinmarketcap.com/static/img/coins/64x64/2346.png,WaykiChain,WICC,"$27,394,806.17","$27,394,806.17",$0.1293,$0.1392,$0.1325,$0.1324,0.05%,"$3,392,604.71",$0.1305,"$1,084,345.08",0.03958,0.00%,"210,000,000",No,"210,000,000",$-0.002544,$0.1375,$0.1301,$0.1726,$0.1222,$0.1726,$0.1222,$0.423,$0.1222,$0.6962,$0.1079,$2.85,$0.09286,"May 06, 2018","Dec 07, 2018",2022-01-26 21:34:16.717185
168,698,https://s2.coinmarketcap.com/static/img/coins/64x64/2748.png,Oxen,OXEN,"$27,485,470.36","$27,485,470.36",$0.4596,$0.4971,$0.4786,$0.4627,3.33%,"$156,619.11",$0.4833,"$97,025.46",0.00353,0.00%,"56,873,665",No,"56,873,665",$0.02104,$0.5008,$0.4596,$0.6047,$0.4464,$0.6047,$0.4464,$1.25,$0.4464,$2.35,$0.4464,$2.35,$0.1006,"Apr 22, 2021","Jun 26, 2019",2022-01-26 21:34:21.244860
169,711,https://s2.coinmarketcap.com/static/img/coins/64x64/1.png,POA Network,POA,"$26,664,553.09","$26,664,553.09",$0.01034,$0.08784,$0.01049,$0.06703,539.24%,$13.51,$0.0904,$12.21,0.00000046,0.00%,"294,965,004",No,"294,965,004",$0.02286,$0.09392,$0.06659,$0.1155,$0.01034,$0.1155,$0.01034,$1.87,$0.00001688,$1.87,$0.00001688,$1.87,$0.00001688,"Jan 12, 2022","Jan 12, 2022",2022-01-26 21:34:23.906206
170,706,https://s2.coinmarketcap.com/static/img/coins/64x64/8245.png,Hydra,HYDRA,"$27,043,663.73","$121,460,258.04",$6.45,$7.22,$6.66,$6.76,1.42%,"$863,691.35",$7.01,"$685,634.77",0.02535,0.00%,"3,858,584",No,"17,329,923",$-0.0293,$7.13,$6.70,$9.86,$6.36,$9.86,$6.36,$18.47,$6.36,$52.18,$1.40,$52.18,$1.40,"Apr 03, 2021","Feb 02, 2021",2022-01-26 21:34:28.182801
171,710,https://s2.coinmarketcap.com/static/img/coins/64x64/5524.png,TNC Coin,TNC,"$26,758,807.66","$899,645,848.23",$0.004424,$0.005985,$0.00578,$0.004583,20.71%,"$1,391,789.29",$0.004573,"$1,377,222.43",0.05147,NaN,"5,851,183,164",No,"196,719,999,947",$0.00004755,$0.005784,$0.004085,$0.008542,$0.003691,$0.008542,$0.003691,$0.01752,$0.002416,$0.04973,$0.002358,$0.3202,$0.002358,"May 13, 2020","Oct 27, 2021",2022-01-26 21:34:30.588811
172,712,https://s2.coinmarketcap.com/static/img/coins/64x64/118.png,ReddCoin,RDD,"$26,754,823.07","$26,754,823.07",$0.000726,$0.001089,$0.0008209,$0.0007421,9.6%,"$61,379.49",$0.0008802,"$37,890.83",0.001416,0.00%,"30,397,274,955",No,"30,397,274,955",$0.0001389,$0.0008902,$0.0007321,$0.001165,$0.0006305,$0.001165,$0.0006305,$0.003469,$0.0006305,$0.01299,$0.0006305,$0.03239,$0.000006036,"Jan 07, 2018","May 19, 2015",2022-01-26 21:34:33.085255
173,728,https://s2.coinmarketcap.com/static/img/coins/64x64/2937.png,VITE,VITE,"$25,131,776.65","$51,934,316.05",$0.04777,$0.05,$0.04924,$0.04934,0.21%,"$3,324,740.03",$0.05033,"$3,315,608.13",0.1319,0.00%,"499,372,765",No,"1,031,943,875",$0.001028,$0.05255,$0.04847,$0.071,$0.04497,$0.071,$0.04497,$0.1566,$0.04497,$0.3486,$0.01961,$0.3486,$0.005328,"Apr 10, 2021","Mar 13, 2020",2022-01-26 21:34:36.477707
174,731,https://s2.coinmarketcap.com/static/img/coins/64x64/3481.png,Peony,PNY,"$24,917,856.10","$279,977,239.74",$0.1899,$0.2265,$0.2053,$0.2214,7.85%,"$62,521.87",$0.2333,"$147,301.42",0.005911,0.00%,"106,799,493","1,200,000,000","106,799,493",$0.02612,$0.258,$0.2018,$0.3029,$0.1118,$0.3029,$0.1118,$1.39,$0.1118,$1.39,$0.006202,$1.39,$0.0002125,"Dec 22, 2021","Feb 20, 2019",2022-01-26 21:34:38.963736
175,736,https://s2.coinmarketcap.com/static/img/coins/64x64/3853.png,MultiVAC,MTV,"$23,936,197.94","$66,723,537.77",$0.006482,$0.007247,$0.00692,$0.006909,0.17%,"$2,898,926.82",$0.006672,"$4,104,057.93",0.1715,0.00%,"3,587,369,426",No,"10,000,000,000",$-0.0004349,$0.007787,$0.006502,$0.01007,$0.005747,$0.01007,$0.005747,$0.02804,$0.005747,$0.02917,$0.0002579,$0.02917,$0.0001476,"Oct 27, 2021","Mar 13, 2020",2022-01-26 21:34:42.882324
176,739,https://s2.coinmarketcap.com/static/img/coins/64x64/5435.png,Epic Cash,EPIC,"$23,696,109.22","$36,547,239.37",$1.66,$1.92,$1.92,$1.90,1.45%,"$31,140.81",$1.74,"$11,955.46",0.0005045,NaN,"13,615,756","21,000,000","13,615,756",$0.03925,$1.91,$1.74,$2.18,$1.30,$2.18,$1.30,$6.76,$1.30,$6.76,$0.07146,$6.76,$0.01249,"Dec 11, 2021","Apr 13, 2020",2022-01-26 21:34:45.626312
177,740,https://s2.coinmarketcap.com/static/img/coins/64x64/2916.png,Nimiq,NIM,"$23,841,551.51","$56,485,110.26",$0.002562,$0.002778,$0.0026,$0.002675,2.87%,"$871,472.75",$0.00269,"$1,109,002.94",0.04652,0.00%,"8,863,797,547","21,000,000,000","9,478,047,547",$-0.0000002988,$0.002817,$0.002643,$0.003951,$0.00246,$0.003951,$0.00246,$0.01713,$0.00246,$0.01713,$0.00246,$0.0347,$0.0002834,"Jul 29, 2018","Jan 02, 2020",2022-01-26 21:34:47.986002
178,782,https://s2.coinmarketcap.com/static/img/coins/64x64/132.png,Counterparty,XCP,"$20,470,434.55","$20,470,434.55",$6.25,$8.96,$8.81,$8.93,1.4%,"$69,998.45",$7.83,"$96,774.52",0.004728,0.00%,"2,613,892",No,"2,613,892",$-0.562,$9.13,$7.83,$11.15,$6.25,$11.15,$6.25,$22.58,$3.63,$35.71,$0.706,$103.20,$0.4131,"Jan 11, 2018","Jan 12, 2016",2022-01-26 21:34:50.384013
179,758,https://s2.coinmarketcap.com/static/img/coins/64x64/1169.png,PIVX,PIVX,"$22,291,037.69","$22,291,037.69",$0.3228,$0.3438,$0.3325,$0.3352,0.82%,"$180,746.94",$0.3269,"$208,988.07",0.009375,0.00%,"68,185,394",No,"68,185,394",$-0.007031,$0.3418,$0.3264,$0.4379,$0.2821,$0.4379,$0.2821,$0.9938,$0.2821,$4.66,$0.2821,$14.56,$0.000422,"Jan 23, 2018","Feb 16, 2016",2022-01-26 21:34:52.689457
180,761,https://s2.coinmarketcap.com/static/img/coins/64x64/2861.png,GoChain,GO,"$22,035,351.12","$22,616,219.11",$0.01798,$0.01996,$0.01866,$0.01928,3.33%,"$367,477.50",$0.01944,"$356,074.74",0.01616,0.00%,"1,133,314,399",No,"1,163,189,396",$-0.000349,$0.02062,$0.01895,$0.02865,$0.01638,$0.02865,$0.01638,$0.04874,$0.01638,$0.09558,$0.006853,$0.1165,$0.003994,"Jul 09, 2018","Mar 13, 2020",2022-01-26 21:34:55.038620
181,763,https://s2.coinmarketcap.com/static/img/coins/64x64/3.png,Namecoin,NMC,"$21,757,518.18","$21,757,518.18",$1.51,$1.97,$1.55,$1.54,0.57%,"$43,030.98",$1.48,"$15,725.41",0.0007228,NaN,"14,736,400",No,"14,736,400",$-0.1215,$1.63,$1.44,$1.97,$1.42,$1.97,$1.42,$4.47,$1.21,$5.04,$0.7073,$16.30,$0.1634,"Nov 28, 2013","Dec 20, 2016",2022-01-26 21:35:00.332637
182,770,https://s2.coinmarketcap.com/static/img/coins/64x64/789.png,Nexus,NXS,"$21,444,187.62","$23,042,286.40",$0.2886,$0.3073,$0.3067,$0.2957,3.6%,"$676,430.57",$0.2954,"$656,098.33",0.0306,0.00%,"72,590,307","78,000,000","72,590,307",$0.0006347,$0.3136,$0.2906,$0.3901,$0.2591,$0.3901,$0.2591,$0.7575,$0.2591,$4.44,$0.2591,$15.86,$0.0007163,"Jan 06, 2018","Aug 29, 2015",2022-01-26 21:35:02.802909
183,776,https://s2.coinmarketcap.com/static/img/coins/64x64/7105.png,Permission Coin,ASK,"$20,639,251.42","$130,234,493.28",$0.001299,$0.001338,$0.001302,$0.001307,0.43%,"$320,494.93",$0.001302,"$423,641.86",0.02053,0.00%,"15,847,761,140",No,"100,000,000,000",$-0.00002417,$0.001336,$0.001297,$0.001414,$0.001274,$0.001652,$0.001256,$0.002538,$0.001256,$0.02496,$0.0001649,$0.02496,$0.0001649,"Sep 21, 2021","Feb 04, 2021",2022-01-26 21:35:06.553432
184,787,https://s2.coinmarketcap.com/static/img/coins/64x64/1826.png,Particl,PART,"$19,897,127.23","$19,701,102.51",$1.65,$1.99,$1.75,$1.98,12.98%,"$26,604.20",$1.68,"$6,262.07",0.0003147,0.00%,"11,868,162",No,"11,751,238",$-0.2794,$1.98,$1.64,$1.99,$1.28,$1.99,$1.28,$3.31,$1.28,$4.36,$0.5669,$52.40,$0.2244,"Jan 14, 2018","Mar 13, 2020",2022-01-26 21:35:08.924152
185,794,https://s2.coinmarketcap.com/static/img/coins/64x64/8216.png,Electra Protocol,XEP,"$19,206,943.87","$33,186,508.65",$0.001061,$0.001209,$0.001139,$0.001067,6.32%,"$97,566.59",$0.001106,"$83,966.74",0.004372,0.00%,"17,362,727,787","30,000,000,000","17,764,656,765",$-0.00001117,$0.001172,$0.001055,$0.0018,$0.0007861,$0.0018,$0.0007861,$0.002623,$0.0006028,$0.003643,$0.000472,$0.003643,$0.000472,"Feb 06, 2021","Sep 30, 2021",2022-01-26 21:35:11.550107
186,802,https://s2.coinmarketcap.com/static/img/coins/64x64/4200.png,ChainX,PCX,"$18,610,609.58","$32,092,857.82",$1.29,$1.52,$1.31,$1.47,12.6%,"$762,352.15",$1.53,"$551,235.21",0.02962,NaN,"12,177,875","21,000,000","12,177,875",$0.04393,$1.55,$1.46,$1.95,$1.25,$1.95,$1.25,$5.44,$1.22,$17.57,$1.22,$19.73,$0.5446,"Aug 27, 2020","Mar 13, 2020",2022-01-26 21:35:14.311633
187,808,https://s2.coinmarketcap.com/static/img/coins/64x64/99.png,Vertcoin,VTC,"$18,003,184.83","$23,870,911.48",$0.2565,$0.3057,$0.269,$0.2973,10.5%,"$346,931.56",$0.2842,"$163,090.73",0.009059,0.00%,"63,351,897","84,000,000","63,351,897",$-0.0009666,$0.3007,$0.2771,$0.3777,$0.2369,$0.3777,$0.2369,$1.12,$0.2369,$4.20,$0.1749,$10.53,$0.005343,"Dec 06, 2017","May 06, 2015",2022-01-26 21:35:16.962545
188,819,https://s2.coinmarketcap.com/static/img/coins/64x64/3756.png,#MetaHash,MHC,"$17,237,824.69","$52,093,031.71",$0.004983,$0.006263,$0.005081,$0.005548,9.18%,"$828,397.45",$0.005662,"$459,123.15",0.02663,0.00%,"3,044,322,473","9,200,000,000","3,214,930,179",$0.0001351,$0.005854,$0.005343,$0.006725,$0.004662,$0.006725,$0.004662,$0.01294,$0.004662,$0.05647,$0.002929,$0.106,$0.001366,"Mar 22, 2019","Nov 01, 2020",2022-01-26 21:35:19.619759
189,823,https://s2.coinmarketcap.com/static/img/coins/64x64/3709.png,Grin,GRIN,"$17,079,849.48","$17,079,849.48",$0.1725,$0.1863,$0.1809,$0.179,1.02%,"$4,270,379.33",$0.1793,"$2,597,253.20",0.1521,0.00%,"95,284,080",No,"95,284,080",$-0.0002518,$0.1969,$0.1759,$0.2547,$0.1625,$0.2547,$0.1625,$0.4976,$0.1625,$1.30,$0.1625,$14.87,$0.1625,"Jan 28, 2019","Jan 22, 2022",2022-01-26 21:35:23.251048
190,827,https://s2.coinmarketcap.com/static/img/coins/64x64/3126.png,ProximaX,XPX,"$16,765,937.10","$24,746,946.97",$0.002604,$0.002918,$0.002754,$0.002824,2.53%,"$196,336.02",$0.00275,"$171,063.25",0.0102,0.00%,"6,097,456,550",No,"9,000,000,000",$0.00004793,$0.003111,$0.002653,$0.004749,$0.002248,$0.004749,$0.002248,$0.006778,$0.001035,$0.006778,$0.0005435,$0.007203,$0.0003824,"May 15, 2019","Mar 13, 2020",2022-01-26 21:35:26.099273
191,833,https://s2.coinmarketcap.com/static/img/coins/64x64/4704.png,Banano,BAN,"$16,514,234.21","$24,075,824.50",$0.01202,$0.01285,$0.01245,$0.01255,0.85%,"$197,004.01",$0.01255,"$59,815.66",0.003622,NaN,"1,316,271,384",No,"1,918,969,928",$-0.0001698,$0.01276,$0.01245,$0.01634,$0.01048,$0.01634,$0.01048,$0.05865,$0.01048,$0.05865,$0.001231,$0.05865,$0.0001978,"Oct 30, 2021","Mar 13, 2020",2022-01-26 21:35:29.219419
192,838,https://s2.coinmarketcap.com/static/img/coins/64x64/4752.png,CUTcoin,CUT,"$15,861,963.08","$20,557,320.90",$0.09518,$0.1067,$0.1067,$0.0983,7.84%,$182.91,$0.1028,NaN,No Data,NaN,"154,319,361","200,000,000","158,319,361",$0.00466,$0.1077,$0.09721,$0.1452,$0.09392,$0.1452,$0.09392,$0.3151,$0.09392,$0.4204,$0.03063,$0.4204,$0.004769,"Oct 20, 2021","Sep 11, 2020",2022-01-26 21:35:32.274116
193,840,https://s2.coinmarketcap.com/static/img/coins/64x64/1.png,Validity,VAL,"$15,862,519.55","$31,802,137.11",$3.19,$3.51,$3.30,$3.43,3.94%,"$292,130.03",$3.53,"$204,130.29",0.01287,0.00%,"4,489,091","9,000,000","4,495,668",$0.112,$3.68,$3.37,$5.17,$2.73,$5.17,$2.73,$9.57,$2.73,$19.14,$0.5919,$21.73,$0.001184,"Jan 10, 2018","Jan 22, 2016",2022-01-26 21:35:34.839533
194,846,https://s2.coinmarketcap.com/static/img/coins/64x64/5.png,Peercoin,PPC,"$15,532,442.83","$15,532,442.83",$0.5409,$0.5754,$0.5607,$0.574,2.37%,"$7,251.00",$0.5677,"$9,359.70",0.0006026,0.00%,"27,359,342",No,"27,359,342",$0.001377,$0.5961,$0.5618,$0.6893,$0.5166,$0.6893,$0.5166,$2.15,$0.5166,$13.66,$0.3252,$13.66,$0.09486,"Oct 08, 2021","Mar 13, 2020",2022-01-26 21:35:37.522826
195,855,https://s2.coinmarketcap.com/static/img/coins/64x64/1903.png,HyperCash,HC,"$15,192,766.89","$28,314,585.23",$0.3283,$0.3401,$0.3368,$0.3317,1.51%,"$1,297,275.25",$0.3371,"$740,103.52",0.04871,0.00%,"45,071,909","84,000,000","45,071,909",$0.005851,$0.3488,$0.3244,$0.4131,$0.3174,$0.4131,$0.3174,$0.9204,$0.3174,$3.28,$0.3174,$43.17,$0.3174,"Aug 27, 2017","Jan 24, 2022",2022-01-26 21:35:40.500864
196,848,https://s2.coinmarketcap.com/static/img/coins/64x64/3850.png,OTOCASH,OTO,"$15,469,149.64","$16,093,790.95",$0.07501,$0.2548,$0.09434,$0.07997,15.23%,"$6,967.85",$0.4201,$333.08,0.00002153,NaN,"36,820,604",No,"38,307,413",$0.2649,$0.4201,$0.07891,$0.4201,$0.07501,$0.4201,$0.07501,$0.4201,$0.06623,$0.67,$0.05543,$1.25,$0.02984,"Nov 23, 2019","May 09, 2019",2022-01-26 21:35:42.616164
197,858,https://s2.coinmarketcap.com/static/img/coins/64x64/1298.png,LBRY Credits,LBC,"$15,123,204.86","$31,439,083.83",$0.02791,$0.02939,$0.02928,$0.02882,1.57%,"$155,112.67",$0.02902,"$85,675.59",0.005665,0.00%,"521,054,807","1,083,202,000","705,211,760",$0.0004709,$0.02993,$0.02795,$0.03636,$0.02756,$0.03636,$0.02756,$0.07965,$0.02756,$0.5253,$0.01241,$2.50,$0.00511,"Jul 14, 2016","Mar 16, 2020",2022-01-26 21:35:50.684040
198,859,https://s2.coinmarketcap.com/static/img/coins/64x64/1492.png,Obyte,GBYTE,"$15,025,711.48","$18,779,918.92",$17.32,$19.09,$17.46,$18.84,7.87%,"$24,507.22",$18.78,"$20,780.13",0.001383,0.00%,"800,095","1,000,000","1,000,000",$-0.0355,$19.55,$18.43,$19.55,$14.38,$19.55,$14.38,$72.35,$14.38,$161.41,$14.38,"$1,195.99",$6.81,"Jan 13, 2018","Dec 29, 2016",2022-01-26 21:35:53.491634
199,876,https://s2.coinmarketcap.com/static/img/coins/64x64/3407.png,Ondori,RSTR,"$14,041,688.49","$16,323,401.54",$0.0003578,$0.0003744,$0.0003665,$0.0003695,0.82%,No Data,$0.0003718,NaN,No Data,0.00%,"37,766,847,790",No,"43,903,795,597",$0.000004036,NaN,NaN,NaN,NaN,NaN,NaN,NaN,NaN,NaN,NaN,NaN,NaN,"Jan 01, 2000","Jan 01, 2000",2022-01-26 21:35:56.590740
