,rank,image,name,company,marketCap,fullyDilutedMarketCap,yesterday_low,yesterday_high,yesterday_open,yesterday_close,yesterday_change,yesterday_volume,price,volume_24h,volume24hInMarketCap,dominance,circulatingSupply,maxSupplyValue,totalSupplyValue,price_change_24h,high_24h,low_24h,high_7d,low_7d,high_30d,low_30d,high_90d,low_90d,high_52w,low_52w,high_all_time,low_all_time,high_all_time_date,low_all_time_date,date,price_change_percentage
0,1,https://s2.coinmarketcap.com/static/img/coins/64x64/1.png,Bitcoin,BTC,706556490751.72,783376849335.42,35779.43,37444.57,36654.81,36954.0,0.82,26428189593.82,37303.66,29338176193.52,0.04152,41.77,18940675.0,21000000.0,18940675.0,386.22,38825.41,36544.27,43413.02,33184.06,43413.02,33184.06,68789.63,33184.06,68789.63,28893.62,68789.63,65.53,"Nov 10, 2021","Jul 05, 2013",2022-01-26 21:25:36.148677,1.0353407681712734
1,2,https://s2.coinmarketcap.com/static/img/coins/64x64/1027.png,Ethereum,ETH,301771915064.01,301771915064.01,2359.38,2498.51,2440.39,2455.93,0.64,16179776931.53,2529.02,19328025741.05,0.06405,17.82,119323461.0,0.0,119323461.0,71.19,2705.78,2412.92,3265.34,2172.3,3265.34,2172.3,4891.7,2172.3,4891.7,1215.31,4891.7,0.4209,"Nov 16, 2021","Oct 21, 2015",2022-01-26 21:25:38.781647,2.8149243580517354
2,4,https://s2.coinmarketcap.com/static/img/coins/64x64/1839.png,BNB,BNB,62941285807.39,62941285468.13,358.08,387.18,371.39,384.62,3.56,2325661159.22,381.19,2116398421.88,0.03362,3.72,165116761.0,165116760.0,165116761.0,-0.9591,400.15,377.74,478.35,337.85,478.35,337.85,669.35,337.85,690.93,39.73,690.93,0.09611,"May 10, 2021","Aug 01, 2017",2022-01-26 21:25:41.155103,-0.25160681025210524
3,6,https://s2.coinmarketcap.com/static/img/coins/64x64/2010.png,Cardano,ADA,37051533287.5,49691920334.55,0.9982,1.07,1.07,1.04,2.15,1766326154.86,1.1,2142255671.34,0.05782,2.19,33553120642.0,45000000000.0,34027415099.0,0.05521,1.15,1.02,1.42,0.9334,1.42,0.9334,2.38,0.9334,3.1,0.3055,3.1,0.01735,"Sep 02, 2021","Oct 01, 2017",2022-01-26 21:25:44.629265,5.0190909090909095
4,8,https://s2.coinmarketcap.com/static/img/coins/64x64/5426.png,Solana,SOL,29939991557.52,48632949861.32,87.76,99.7,91.66,94.72,3.34,2842652331.84,95.06,2915832529.03,0.09739,1.77,314967673.0,0.0,511616946.0,-0.2339,103.72,91.98,143.62,81.23,143.62,81.23,260.06,81.23,260.06,3.53,260.06,0.5052,"Nov 06, 2021","May 11, 2020",2022-01-26 21:25:46.828092,-0.2460551230801599
5,7,https://s2.coinmarketcap.com/static/img/coins/64x64/52.png,XRP,XRP,29787180083.61,62398623782.82,0.5899,0.6212,0.6121,0.6176,0.89,1731121388.29,0.624,2136855014.58,0.07174,1.76,47736918345.0,100000000000.0,99989798601.0,0.01431,0.6525,0.6037,0.7616,0.5587,0.7616,0.5587,1.35,0.5587,1.96,0.2455,3.84,0.002802,"Jan 04, 2018","Jul 07, 2014",2022-01-26 21:25:49.081661,2.293269230769231
6,9,https://s2.coinmarketcap.com/static/img/coins/64x64/1.png,Terra,LUNA,24695849278.66,50377539133.77,62.02,66.74,65.97,62.83,4.77,2595272076.94,61.47,2720629232.29,0.1102,1.46,401775271.0,0.0,819589122.0,-3.15,66.18,60.83,84.83,54.35,84.83,54.35,103.33,37.92,103.33,1.11,103.33,0.1201,"Dec 27, 2021","Mar 13, 2020",2022-01-26 21:25:51.686860,-5.124450951683748
7,10,https://s2.coinmarketcap.com/static/img/coins/64x64/74.png,Dogecoin,DOGE,19486947480.37,19486947480.37,0.1332,0.1472,0.1378,0.143,3.82,1347567749.97,0.1469,1200678430.2,0.06161,1.15,132670764300.0,0.0,132670764300.0,0.004136,0.1526,0.1409,0.1688,0.1228,0.1688,0.1228,0.3063,0.1228,0.7376,0.007294,0.7376,8.547e-05,"May 08, 2021","May 07, 2015",2022-01-26 21:25:54.029595,2.815520762423417
8,11,https://s2.coinmarketcap.com/static/img/coins/64x64/1.png,Polkadot,DOT,18421489105.56,20580111967.08,17.44,19.01,18.04,18.35,1.73,1511107520.19,18.65,1573822799.44,0.08543,1.09,987579315.0,0.0,1103303471.0,0.0225,19.94,18.28,25.56,15.98,25.56,15.98,55.0,15.98,55.0,10.42,55.0,2.69,"Nov 04, 2021","Aug 20, 2020",2022-01-26 21:25:57.931993,0.12064343163538875
9,12,https://s2.coinmarketcap.com/static/img/coins/64x64/5805.png,Avalanche,AVAX,16594289429.4,26831242522.36,61.89,70.34,62.9,67.9,7.95,994124979.45,67.77,1133893515.84,0.06833,0.98,244846456.0,0.0,395891290.0,-0.4778,72.92,66.51,87.64,53.94,87.64,53.94,146.22,53.94,146.22,9.34,146.22,2.79,"Nov 21, 2021","Dec 31, 2020",2022-01-26 21:26:00.259851,-0.7050317249520437
10,14,https://s2.coinmarketcap.com/static/img/coins/64x64/3890.png,Polygon,MATIC,12388750006.71,16633900106.16,1.42,1.61,1.51,1.56,3.37,1547658921.8,1.66,2053777251.2,0.1658,0.73,7447892513.0,10000000000.0,10000000000.0,0.1036,1.81,1.53,2.19,1.31,2.19,1.31,2.92,1.31,2.92,0.03626,2.92,0.003012,"Dec 27, 2021","May 09, 2019",2022-01-26 21:26:04.020162,6.240963855421687
11,16,https://s2.coinmarketcap.com/static/img/coins/64x64/7129.png,TerraUSD,UST,11213983530.08,11213983530.08,0.9949,1.0,1.0,1.0,0.01,401486401.69,1.0,455771512.1,0.04064,0.66,11198278863.0,0.0,11198278863.0,0.00409,1.0,0.9948,1.01,0.9947,1.01,0.9947,1.04,0.9671,1.05,0.9186,1.05,0.7929,"Jan 30, 2021","Dec 30, 2020",2022-01-26 21:26:06.428164,0.409
12,20,https://s2.coinmarketcap.com/static/img/coins/64x64/3794.png,Cosmos,ATOM,9435025793.56,0.0,35.06,37.09,35.9,35.8,0.27,2514518995.39,32.95,2167354981.12,0.2297,0.56,286370297.0,0.0,0.0,-2.59,36.0,32.95,42.01,27.75,42.01,27.75,44.52,20.29,44.7,6.79,44.7,1.13,"Sep 20, 2021","Mar 13, 2020",2022-01-26 21:26:09.993316,-7.860394537177541
13,21,https://s2.coinmarketcap.com/static/img/coins/64x64/2.png,Litecoin,LTC,7651583585.18,9247819819.47,106.34,109.68,109.59,108.07,1.39,909091095.58,110.09,990265319.56,0.1294,0.45,69501032.0,84000000.0,84000000.0,2.23,115.78,107.05,142.53,98.67,142.53,98.67,294.56,98.67,412.96,98.67,412.96,1.11,"May 10, 2021","Jan 14, 2015",2022-01-26 21:26:12.905728,2.0256154055772546
14,23,https://s2.coinmarketcap.com/static/img/coins/64x64/1.png,NEAR Protocol,NEAR,7265054021.54,11690910876.71,10.02,12.42,10.7,12.15,13.53,927723142.46,11.69,1059737207.72,0.1459,0.43,621427543.0,1000000000.0,1000000000.0,-0.3145,12.84,11.47,17.5,9.57,17.5,9.57,20.42,6.22,20.42,1.55,20.42,0.526,"Jan 16, 2022","Nov 04, 2020",2022-01-26 21:26:16.614709,-2.690333618477331
15,25,https://s2.coinmarketcap.com/static/img/coins/64x64/4030.png,Algorand,ALGO,6168595123.53,9422492332.25,0.8709,0.9403,0.9179,0.9293,1.25,299595308.74,0.9422,357558842.61,0.05796,0.36,6546670356.0,10000000000.0,6986474837.0,0.02996,0.9896,0.8932,1.32,0.8082,1.32,0.8082,2.83,0.8082,2.83,0.5263,3.28,0.1024,"Jun 21, 2019","Mar 13, 2020",2022-01-26 21:26:18.854199,3.179791976225854
16,26,https://s2.coinmarketcap.com/static/img/coins/64x64/3513.png,Fantom,FTM,5865203323.8,7317082378.39,2.17,2.46,2.25,2.38,5.58,1823467990.4,2.3,1944603171.93,0.3315,0.35,2545006273.0,3175000000.0,2545006273.0,-0.07715,2.52,2.28,3.02,1.81,3.02,1.81,3.36,1.18,3.48,0.06521,3.48,0.001953,"Oct 28, 2021","Mar 13, 2020",2022-01-26 21:26:21.069189,-3.3543478260869564
17,27,https://s2.coinmarketcap.com/static/img/coins/64x64/1958.png,TRON,TRX,5740847674.76,5740847683.51,0.05445,0.05604,0.05505,0.05587,1.5,1109217821.64,0.05639,1035271276.69,0.1803,0.34,101805471138.0,0.0,101805471293.0,0.000843,0.05869,0.05525,0.07195,0.05137,0.07195,0.05137,0.1291,0.05137,0.1799,0.02761,0.3004,0.001091,"Jan 05, 2018","Sep 15, 2017",2022-01-26 21:26:24.054206,1.4949459123958149
18,28,https://s2.coinmarketcap.com/static/img/coins/64x64/1831.png,Bitcoin Cash,BCH,5640262383.72,6245125048.71,285.41,294.09,292.21,292.23,0.01,4865661411.59,297.39,4806772735.62,0.8522,0.33,18966075.0,21000000.0,18966075.0,6.74,312.76,287.66,383.71,262.5,383.71,262.5,729.98,262.5,1635.15,262.5,4355.62,75.08,"Dec 20, 2017","Dec 15, 2018",2022-01-26 21:26:26.626340,2.2663842092874678
19,30,https://s2.coinmarketcap.com/static/img/coins/64x64/512.png,Stellar,XLM,4911638956.23,9894137478.69,0.1886,0.1985,0.1977,0.1968,0.43,363440654.84,0.1979,389972673.21,0.0794,0.29,24821852612.0,50001806812.0,50001802273.0,0.002948,0.207,0.1935,0.2523,0.1721,0.2523,0.1721,0.4403,0.1721,0.7965,0.1721,0.9381,0.001227,"Jan 04, 2018","Nov 18, 2014",2022-01-26 21:26:28.886237,1.4896412329459323
20,31,https://s2.coinmarketcap.com/static/img/coins/64x64/8916.png,Internet Computer,ICP,4002317397.19,9583285970.41,19.7,21.28,20.71,20.05,3.19,267114780.7,20.11,345224971.6,0.08626,0.24,199026765.0,0.0,476556508.0,-0.5312,21.72,19.7,28.48,18.58,28.48,18.58,58.26,18.58,750.73,0.0,750.73,0.0,"May 10, 2021","May 10, 2021",2022-01-26 21:26:31.257410,-2.641471904525112
21,34,https://s2.coinmarketcap.com/static/img/coins/64x64/4642.png,Hedera,HBAR,3836386142.81,10601973574.65,0.1982,0.2164,0.2067,0.2117,2.4,88407832.28,0.212,93011891.94,0.02424,0.23,18092792421.0,50000000000.0,50000000000.0,-0.001481,0.2226,0.2075,0.2817,0.1874,0.2817,0.1874,0.4768,0.1874,0.5701,0.07712,0.5701,0.01001,"Sep 16, 2021","Jan 02, 2020",2022-01-26 21:26:33.587448,-0.6985849056603773
22,35,https://s2.coinmarketcap.com/static/img/coins/64x64/3077.png,VeChain,VET,3459973031.51,4664863331.56,0.04964,0.05415,0.05136,0.05331,3.81,260034943.86,0.0538,319546413.36,0.09236,0.21,64315576989.0,86712634466.0,86712634466.0,0.001233,0.05837,0.05157,0.07469,0.0441,0.07469,0.0441,0.1875,0.0441,0.2782,0.02448,0.2782,0.001678,"Apr 17, 2021","Mar 13, 2020",2022-01-26 21:26:37.271305,2.2918215613382897
23,37,https://s2.coinmarketcap.com/static/img/coins/64x64/1321.png,Ethereum Classic,ETC,3283872106.26,5220233965.6,23.28,24.23,24.1,24.0,0.43,402838369.98,24.78,420747737.14,0.1281,0.19,132544223.0,210700000.0,210700000.0,0.9911,26.19,23.53,31.93,21.74,31.93,21.74,64.94,21.74,176.16,6.67,176.16,0.4524,"May 06, 2021","Jul 25, 2016",2022-01-26 21:26:39.704475,3.9995964487489912
24,38,https://s2.coinmarketcap.com/static/img/coins/64x64/4256.png,Klaytn,KLAY,3238024174.8,13286363481.82,1.17,1.24,1.22,1.23,0.71,58364133.98,1.23,119705311.52,0.03697,0.19,2627506411.0,0.0,10781267632.0,0.0138,1.35,1.21,1.5,1.09,1.5,1.09,1.86,1.05,4.38,0.5136,4.38,0.05733,"Apr 02, 2021","May 06, 2020",2022-01-26 21:26:42.930127,1.121951219512195
25,39,https://s2.coinmarketcap.com/static/img/coins/64x64/1.png,Helium,HNT,3176524513.66,6487370806.03,22.32,25.81,22.58,25.68,13.75,35195893.48,29.09,62687347.76,0.01973,0.19,109191379.0,223000000.0,223000000.0,3.74,30.67,24.54,31.32,19.96,31.32,19.96,55.22,19.96,55.22,1.84,55.22,0.2534,"Nov 12, 2021","Jun 10, 2020",2022-01-26 21:26:45.297606,12.856651770367824
26,41,https://s2.coinmarketcap.com/static/img/coins/64x64/6892.png,Elrond,EGLD,2993436707.71,4555084456.9,128.73,142.07,131.2,140.79,7.31,151868918.48,144.99,182464615.66,0.06095,0.18,20645410.0,31415926.0,23016298.0,5.29,157.84,137.15,185.19,113.74,269.62,113.74,542.58,113.74,542.58,45.99,542.58,6.54,"Nov 23, 2021","Oct 07, 2020",2022-01-26 21:26:49.642615,3.6485274846541143
27,42,https://s2.coinmarketcap.com/static/img/coins/64x64/2280.png,Filecoin,FIL,2928072551.36,2928072551.36,17.75,18.5,18.41,18.15,1.43,331086545.77,19.03,449434442.71,0.1535,0.17,153840042.0,0.0,153840042.0,0.8841,20.21,17.84,28.65,16.89,28.65,16.89,69.64,16.89,237.24,16.89,237.24,1.83,"Apr 01, 2021","Aug 29, 2019",2022-01-26 21:26:52.032283,4.645822385706778
28,44,https://s2.coinmarketcap.com/static/img/coins/64x64/2416.png,Theta Network,THETA,2824808422.84,2824808422.84,2.49,2.7,2.59,2.61,0.72,251347358.37,2.82,433809077.31,0.1536,0.17,1000000000.0,1000000000.0,1000000000.0,0.1912,3.1,2.57,4.64,2.29,4.64,2.29,8.56,2.29,15.9,1.85,15.9,0.03977,"Apr 16, 2021","Mar 13, 2020",2022-01-26 21:26:54.269953,6.7801418439716326
29,45,https://s2.coinmarketcap.com/static/img/coins/64x64/328.png,Monero,XMR,2666490376.26,2666490376.26,140.38,147.21,146.85,144.73,1.45,209941642.57,147.57,205725319.42,0.07715,0.16,18069134.0,0.0,18069134.0,1.68,157.96,143.33,209.6,135.32,209.6,135.32,293.96,135.32,517.62,124.12,517.62,0.213,"May 07, 2021","Jan 14, 2015",2022-01-26 21:26:57.513998,1.1384427729213256
30,46,https://s2.coinmarketcap.com/static/img/coins/64x64/2011.png,Tezos,XTZ,2622127488.34,2706692921.16,2.86,3.0,2.97,2.92,1.66,107530806.55,2.99,114724981.22,0.04375,0.16,875661064.0,0.0,903901742.0,0.05117,3.21,2.88,4.08,2.56,4.08,2.56,6.87,2.56,9.18,2.11,12.19,0.3146,"Dec 17, 2017","Dec 07, 2018",2022-01-26 21:27:01.060165,1.7113712374581938
31,47,https://s2.coinmarketcap.com/static/img/coins/64x64/1720.png,IOTA,MIOTA,2272932322.62,2272932322.62,0.7759,0.8205,0.7899,0.8115,2.74,41325168.92,0.8177,35963193.95,0.01582,0.13,2779530283.0,2779530283.0,2779530283.0,0.006219,0.8625,0.802,1.11,0.7,1.11,0.7,1.66,0.7,2.68,0.3791,5.69,0.07962,"Dec 19, 2017","Mar 13, 2020",2022-01-26 21:27:03.323752,0.760547878194937
32,48,https://s2.coinmarketcap.com/static/img/coins/64x64/3945.png,Harmony,ONE,2246489378.66,2581242035.39,0.1812,0.1968,0.1923,0.1913,0.54,199854338.63,0.1937,225062759.02,0.1002,0.13,11600671708.0,0.0,13329304708.0,0.0004801,0.2073,0.1848,0.2995,0.1688,0.2995,0.1688,0.3774,0.1418,0.3798,0.006322,0.3798,0.001257,"Oct 26, 2021","Mar 13, 2020",2022-01-26 21:27:05.690614,0.2478575116159009
33,48,https://s2.coinmarketcap.com/static/img/coins/64x64/1765.png,EOS,EOS,2189056280.05,2337960914.22,2.17,2.23,2.2,2.22,1.03,362232469.94,2.24,421034703.61,0.1923,0.13,978888236.0,0.0,1045474461.0,0.0377,2.37,2.19,2.84,2.0,2.84,2.0,5.37,2.0,14.88,2.0,22.89,0.4802,"Apr 29, 2018","Oct 23, 2017",2022-01-26 21:27:07.928218,1.683035714285714
34,54,https://s2.coinmarketcap.com/static/img/coins/64x64/4847.png,Stacks,STX,1792707592.25,2515108411.37,1.26,1.39,1.36,1.36,0.21,65027738.77,1.38,85832277.91,0.04788,0.11,1295825813.0,1818000000.0,1352464600.0,0.0192,1.52,1.33,2.19,1.2,2.19,1.2,3.61,1.2,3.61,0.4107,3.61,0.04501,"Nov 16, 2021","Mar 13, 2020",2022-01-26 21:27:10.621190,1.391304347826087
35,55,https://s2.coinmarketcap.com/static/img/coins/64x64/3602.png,Bitcoin SV,BSV,1742671663.58,1929926032.03,88.83,93.8,91.56,90.45,1.22,161344829.15,91.9,148874473.75,0.08543,0.1,18962439.0,21000000.0,18962439.0,1.91,95.53,88.83,111.77,84.06,111.77,84.06,198.76,83.87,491.64,83.87,491.64,36.87,"Apr 16, 2021","Nov 23, 2018",2022-01-26 21:27:12.818399,2.0783460282916213
36,57,https://s2.coinmarketcap.com/static/img/coins/64x64/4558.png,Flow,FLOW,1597071407.13,6919913126.8,4.55,5.04,4.85,4.91,1.4,156865841.9,5.02,213293769.32,0.1336,0.09,318082398.0,0.0,1378211739.0,0.08445,5.43,4.78,7.56,4.34,7.56,4.34,16.78,4.34,46.16,4.34,46.16,4.34,"Apr 05, 2021","Jan 24, 2022",2022-01-26 21:27:15.044188,1.6822709163346616
37,60,https://s2.coinmarketcap.com/static/img/coins/64x64/5034.png,Kusama,KSM,1435222470.2,1635358180.88,170.16,180.43,174.55,173.75,0.46,67755340.76,169.45,78823661.17,0.05492,0.09,8470098.0,0.0,9651217.0,-5.56,179.88,169.34,256.82,162.57,256.82,162.57,518.91,162.57,623.75,90.63,623.75,0.9158,"May 18, 2021","Jan 14, 2020",2022-01-26 21:27:17.655043,-3.281203894954264
38,63,https://s2.coinmarketcap.com/static/img/coins/64x64/1.png,eCash,XEC,1354740635.94,1500339795.11,6.88e-05,7.222e-05,7.188e-05,7.191e-05,0.05,18234658.52,7.144e-05,20957506.57,0.01547,0.08,18962073423313.0,21000000000000.0,18899704673313.0,-5.289e-08,7.644e-05,7.05e-05,9.66e-05,6.394e-05,9.66e-05,6.394e-05,0.005112,6.394e-05,0.005112,1.73e-05,0.005112,1.73e-05,"Nov 10, 2021","Jul 20, 2021",2022-01-26 21:27:21.465876,-0.07403415453527436
39,67,https://s2.coinmarketcap.com/static/img/coins/64x64/1376.png,Neo,NEO,1317316755.66,1867505793.6,17.61,18.35,18.1,18.23,0.72,92080603.65,18.68,106668542.31,0.08097,0.08,70538831.0,100000000.0,100000000.0,0.5456,19.71,17.88,24.66,16.21,24.66,16.21,53.42,16.21,140.37,16.21,196.85,0.07229,"Jan 15, 2018","Oct 21, 2016",2022-01-26 21:27:23.764325,2.9207708779443253
40,71,https://s2.coinmarketcap.com/static/img/coins/64x64/1437.png,Zcash,ZEC,1230968257.07,1899392002.06,89.43,96.09,94.36,90.49,4.1,253678509.01,90.45,278474877.62,0.2262,0.07,13609794.0,21000000.0,13609794.0,-1.73,98.43,89.43,131.73,82.28,131.73,82.28,303.95,82.28,370.14,77.72,5941.8,18.94,"Oct 29, 2016","Mar 13, 2020",2022-01-26 21:27:26.174287,-1.9126589275843007
41,73,https://s2.coinmarketcap.com/static/img/coins/64x64/5567.png,Celo,CELO,1216793208.35,3143265047.94,2.94,3.21,3.08,3.08,0.25,75917300.11,3.14,80366965.16,0.06605,0.07,387111233.0,1000000000.0,1000000000.0,0.02182,3.3,3.05,4.42,2.9,4.42,2.9,6.85,2.9,10.66,1.66,10.66,0.7955,"Aug 30, 2021","May 22, 2020",2022-01-26 21:27:28.508559,0.6949044585987261
42,76,https://s2.coinmarketcap.com/static/img/coins/64x64/7653.png,Oasis Network,ROSE,1103921973.59,3160370604.87,0.3023,0.3382,0.3257,0.3181,2.33,279989530.16,0.316,321424182.92,0.2912,0.07,3493014306.0,10000000000.0,10000000000.0,-0.01369,0.3553,0.3134,0.4824,0.2834,0.4824,0.2834,0.5964,0.1759,0.5816,0.04505,0.5964,0.03205,"Jan 15, 2022","Nov 26, 2020",2022-01-26 21:27:30.981089,-4.332278481012659
43,75,https://s2.coinmarketcap.com/static/img/coins/64x64/1274.png,Waves,WAVES,1129130779.13,1129130779.13,8.18,8.53,8.53,8.41,1.44,76336735.23,10.52,671299021.42,0.5945,0.07,107328400.0,0.0,107328400.0,2.11,11.66,8.28,13.6,7.64,13.6,7.64,27.74,7.64,41.33,5.99,41.33,0.1227,"May 04, 2021","Aug 02, 2016",2022-01-26 21:27:33.342891,20.05703422053232
44,78,https://s2.coinmarketcap.com/static/img/coins/64x64/5632.png,Arweave,AR,1036396557.11,2048294211.99,30.26,34.08,33.26,32.67,1.79,50987685.52,31.03,48663582.46,0.04695,0.06,33394701.0,66000000.0,63190435.0,-0.7283,34.53,31.02,45.15,27.5,45.15,27.5,90.94,27.5,90.94,4.64,90.94,0.4854,"Nov 05, 2021","May 27, 2020",2022-01-26 21:27:35.654362,-2.3470834676119883
45,81,https://s2.coinmarketcap.com/static/img/coins/64x64/5647.png,Kadena,KDA,960467359.19,5725432160.51,5.07,5.68,5.36,5.33,0.69,26594505.79,5.73,52984242.6,0.05517,0.06,167754561.0,1000000000.0,1000000000.0,0.2211,6.67,5.22,8.17,4.44,8.17,4.44,28.25,4.44,28.25,0.1433,28.25,0.1213,"Nov 11, 2021","Jan 11, 2021",2022-01-26 21:27:37.850647,3.8586387434554967
46,81,https://s2.coinmarketcap.com/static/img/coins/64x64/131.png,Dash,DASH,984799915.42,1764894767.61,88.67,92.01,90.38,89.69,0.76,188010508.25,93.38,202401177.91,0.2055,0.06,10546078.0,18900000.0,10546078.0,2.84,97.85,88.85,133.58,81.76,133.58,81.76,247.34,81.76,476.85,81.76,1642.22,0.2139,"Dec 20, 2017","Feb 14, 2014",2022-01-26 21:27:40.484435,3.041336474619833
47,83,https://s2.coinmarketcap.com/static/img/coins/64x64/5604.png,Secret,SCRT,914614954.01,1160944907.24,5.25,6.22,5.47,6.19,13.34,40520650.12,6.1,41902901.13,0.04581,0.05,149815729.0,0.0,190165060.0,0.07581,6.6,5.97,9.23,4.69,9.23,4.69,10.23,3.74,10.64,0.7674,10.64,0.2554,"Oct 28, 2021","Nov 03, 2020",2022-01-26 21:27:44.044744,1.2427868852459019
48,85,https://s2.coinmarketcap.com/static/img/coins/64x64/873.png,NEM,XEM,874743024.71,874743024.71,0.09457,0.09878,0.09783,0.09611,1.77,28275306.18,0.09719,32763681.71,0.03746,0.05,8999999999.0,8999999999.0,8999999999.0,0.001078,0.1028,0.09484,0.1172,0.08732,0.1172,0.08732,0.2388,0.08732,0.8652,0.0857,2.09,7.93e-05,"Jan 04, 2018","Sep 15, 2015",2022-01-26 21:27:46.316966,1.109167609836403
49,86,https://s2.coinmarketcap.com/static/img/coins/64x64/8646.png,Mina,MINA,857874370.01,1962611460.68,2.22,2.38,2.33,2.32,0.46,39520076.07,2.38,44201798.01,0.05152,0.05,360223380.0,0.0,824104972.0,0.08477,2.54,2.25,3.64,2.09,3.64,2.09,6.57,2.09,9.91,0.9233,9.91,0.9233,"Jun 01, 2021","Jul 21, 2021",2022-01-26 21:27:48.693879,3.561764705882353
50,87,https://s2.coinmarketcap.com/static/img/coins/64x64/3822.png,Theta Fuel,TFUEL,836565950.14,836565950.14,0.123,0.1314,0.1314,0.1286,2.06,27492648.51,0.1578,154321402.47,0.1845,0.05,5301214400.0,0.0,5301214400.0,0.031,0.1881,0.1253,0.2006,0.1148,0.2006,0.1148,0.3968,0.1148,0.6807,0.02678,0.6807,0.0008897,"Jun 09, 2021","Mar 13, 2020",2022-01-26 21:27:51.422585,19.64512040557668
51,89,https://s2.coinmarketcap.com/static/img/coins/64x64/1168.png,Decred,DCR,816888532.16,1251096839.51,53.09,56.17,54.97,54.78,0.34,5135359.37,59.58,11095754.44,0.01358,0.05,13711696.0,21000000.0,13711696.0,4.91,63.69,53.86,71.3,50.28,71.3,50.28,122.24,50.28,250.02,50.28,250.02,0.3948,"Apr 17, 2021","Dec 28, 2016",2022-01-26 21:27:54.144306,8.241020476670025
52,90,https://s2.coinmarketcap.com/static/img/coins/64x64/2634.png,XDC Network,XDC,799415352.66,2449568055.02,0.06179,0.06424,0.06238,0.06348,1.77,7879738.28,0.06497,9200977.47,0.01151,0.05,12305012699.0,0.0,37705012699.0,0.001572,0.06615,0.06294,0.08312,0.05745,0.08312,0.05745,0.1165,0.05745,0.1939,0.005411,0.1939,0.0001571,"Aug 21, 2021","Jun 20, 2019",2022-01-26 21:27:56.845084,2.419578266892412
53,94,https://s2.coinmarketcap.com/static/img/coins/64x64/1.png,IoTeX,IOTX,724145198.62,759000050.21,0.06838,0.0735,0.07068,0.07255,2.64,25749998.52,0.0759,32437129.48,0.04479,0.04,9540779324.0,10000000000.0,9626124332.0,0.003571,0.07905,0.07138,0.109,0.06322,0.109,0.06322,0.2611,0.06258,0.2611,0.009101,0.2611,0.001239,"Nov 13, 2021","Mar 13, 2020",2022-01-26 21:27:59.524817,4.704874835309618
54,95,https://s2.coinmarketcap.com/static/img/coins/64x64/2577.png,Ravencoin,RVN,688787975.16,1381089178.12,0.06075,0.0651,0.06224,0.06334,1.77,31852156.95,0.06577,44322844.89,0.06435,0.04,10473290000.0,21000000000.0,10473290000.0,0.00171,0.07022,0.06281,0.08872,0.05355,0.08872,0.05355,0.1496,0.05355,0.2854,0.0146,0.2854,0.008794,"Feb 20, 2021","Mar 13, 2020",2022-01-26 21:28:02.166824,2.5999695909989358
55,98,https://s2.coinmarketcap.com/static/img/coins/64x64/4747.png,Velas,VLX,575251944.07,575251944.07,0.2367,0.2459,0.2459,0.2435,0.99,7938970.03,0.2551,10114298.5,0.01758,0.03,2254628928.0,0.0,2254628928.0,0.01044,0.2593,0.2409,0.3339,0.226,0.5706,0.226,0.572,0.1666,0.572,0.03444,0.572,0.01162,"Nov 04, 2021","Oct 16, 2019",2022-01-26 21:28:06.448375,4.092512740101921
56,101,https://s2.coinmarketcap.com/static/img/coins/64x64/1684.png,Qtum,QTUM,567181507.35,617826977.31,5.32,5.59,5.46,5.55,1.73,112999217.81,5.73,124320050.05,0.2192,0.03,98983821.0,107822406.0,103944501.0,0.216,6.03,5.46,7.67,4.98,7.67,4.98,19.15,4.98,35.38,3.02,106.88,0.77,"Jan 07, 2018","Mar 13, 2020",2022-01-26 21:28:08.942705,3.769633507853403
57,105,https://s2.coinmarketcap.com/static/img/coins/64x64/2469.png,Zilliqa,ZIL,551565438.58,940332283.06,0.04143,0.04637,0.04217,0.04501,6.74,78088874.17,0.04478,67645626.02,0.1226,0.03,12317852337.0,21000000000.0,15609319490.0,-0.0007445,0.04802,0.04428,0.06213,0.0379,0.06213,0.0379,0.1246,0.0379,0.2563,0.0379,0.2563,0.002477,"May 06, 2021","Mar 13, 2020",2022-01-26 21:28:11.363994,-1.6625725770433228
58,105,https://s2.coinmarketcap.com/static/img/coins/64x64/2300.png,WAX,WAXP,558889218.67,1121235809.26,0.2636,0.2805,0.2792,0.2792,0.0,39507262.61,0.2918,59881653.77,0.1071,0.03,1915363535.0,0.0,3842575793.0,0.01938,0.312,0.2687,0.3809,0.2374,0.3809,0.2374,0.9814,0.2374,0.9814,0.03811,5.01,0.01596,"Dec 21, 2017","Dec 30, 2019",2022-01-26 21:28:13.605061,6.641535298149417
59,111,https://s2.coinmarketcap.com/static/img/coins/64x64/541.png,Syscoin,SYS,527155423.1,740324478.8,0.8099,0.8861,0.8577,0.8398,2.09,23789321.24,0.8337,27434880.28,0.05204,0.03,632309250.0,888000000.0,632309250.0,-0.01719,0.8915,0.8187,1.21,0.7296,1.21,0.7296,1.31,0.3102,1.31,0.08917,1.31,0.0001992,"Jan 02, 2022","Feb 22, 2015",2022-01-26 21:28:16.489441,-2.0618927671824396
60,115,https://s2.coinmarketcap.com/static/img/coins/64x64/2083.png,Bitcoin Gold,BTG,510172447.31,611720231.57,27.74,29.03,28.42,28.7,0.99,26428168.43,29.13,27659093.4,0.05422,0.03,17513924.0,21000000.0,17513924.0,0.4394,30.69,28.45,36.66,26.14,36.66,26.14,76.61,26.14,168.19,9.53,539.72,2.54,"Oct 23, 2017","Nov 23, 2020",2022-01-26 21:28:18.953029,1.5084105732921387
61,119,https://s2.coinmarketcap.com/static/img/coins/64x64/2099.png,ICON,ICX,494795546.63,561056116.34,0.6355,0.6829,0.6654,0.6804,2.25,23285339.34,0.7009,27453235.29,0.05548,0.03,705925899.0,0.0,800460000.0,0.0243,0.7461,0.6642,0.9763,0.5937,0.9763,0.5937,2.71,0.5937,3.26,0.5937,12.64,0.1069,"Jan 09, 2018","Jan 03, 2020",2022-01-26 21:28:21.321062,3.466971037237837
62,121,https://s2.coinmarketcap.com/static/img/coins/64x64/1042.png,Siacoin,SC,479884800.98,479884800.98,0.00907,0.00954,0.0094,0.009468,0.73,15395423.72,0.009607,24055336.38,0.05013,0.03,49953922992.0,0.0,49953922992.0,0.0002191,0.01029,0.009266,0.01323,0.008341,0.01323,0.008341,0.02957,0.008341,0.06292,0.003973,0.1117,1.131e-05,"Jan 06, 2018","Dec 01, 2015",2022-01-26 21:28:23.668986,2.28062870823358
63,125,https://s2.coinmarketcap.com/static/img/coins/64x64/1698.png,Horizen,ZEN,454631710.67,795701640.96,33.37,36.09,34.09,34.94,2.5,35113992.55,37.89,63393973.43,0.1394,0.03,11998550.0,21000000.0,11752188.0,2.79,40.79,34.45,52.54,30.15,52.54,30.15,136.88,30.15,168.15,28.51,168.15,3.09,"May 08, 2021","Jul 31, 2017",2022-01-26 21:28:25.947993,7.363420427553444
64,127,https://s2.coinmarketcap.com/static/img/coins/64x64/1.png,Nervos Network,CKB,441994627.49,528949960.53,0.01371,0.01487,0.01409,0.01462,3.76,10325276.7,0.01496,26338691.76,0.05959,0.03,29539682084.0,0.0,35351139359.0,0.0002686,0.01584,0.01413,0.02092,0.01258,0.02092,0.01258,0.03557,0.01258,0.04412,0.004892,0.04412,0.002565,"Mar 31, 2021","Mar 13, 2020",2022-01-26 21:28:28.593954,1.7954545454545456
65,129,https://s2.coinmarketcap.com/static/img/coins/64x64/2405.png,IOST,IOST,429704649.42,2136686050.16,0.02131,0.02249,0.02175,0.02202,1.25,42839096.8,0.02374,59110447.23,0.1376,0.03,18099719631.0,90000000000.0,18099719631.0,0.001781,0.02496,0.02162,0.02819,0.01919,0.02819,0.01919,0.05745,0.01919,0.09073,0.01432,0.1365,0.001562,"Jan 24, 2018","Mar 13, 2020",2022-01-26 21:28:31.785418,7.502106149957877
66,132,https://s2.coinmarketcap.com/static/img/coins/64x64/2566.png,Ontology,ONT,407767317.08,465886933.84,0.4356,0.4559,0.4455,0.4528,1.63,38575256.84,0.4659,47988474.66,0.1177,0.02,875249524.0,1000000000.0,1000000000.0,0.01664,0.4895,0.4435,0.6207,0.408,0.6207,0.408,1.24,0.408,2.94,0.408,11.18,0.225,"May 03, 2018","Mar 13, 2020",2022-01-26 21:28:36.342331,3.571581884524576
67,138,https://s2.coinmarketcap.com/static/img/coins/64x64/3029.png,Flux,FLUX,350435747.42,685205996.88,1.39,1.55,1.5,1.48,0.8,36610109.1,1.56,53553835.85,0.1528,0.02,225029742.0,440000000.0,220347380.0,0.06044,1.7,1.46,2.46,1.3,2.46,1.3,4.17,0.4601,4.17,0.02423,4.17,0.01698,"Dec 10, 2021","Nov 16, 2020",2022-01-26 21:28:40.464378,3.874358974358974
68,137,https://s2.coinmarketcap.com/static/img/coins/64x64/5370.png,Hive,HIVE,348171001.4,348171001.4,0.7868,0.8453,0.8435,0.8381,0.64,12681448.79,0.867,52981894.4,0.1522,0.02,401580988.0,0.0,401580988.0,0.03077,0.9628,0.8215,1.19,0.7168,1.19,0.7168,3.42,0.7168,3.42,0.1271,3.42,0.08694,"Nov 26, 2021","Apr 06, 2020",2022-01-26 21:28:42.632264,3.5490196078431375
69,140,https://s2.coinmarketcap.com/static/img/coins/64x64/109.png,DigiByte,DGB,336689744.26,470006673.56,0.01995,0.02125,0.02031,0.0212,4.38,21693582.09,0.02238,27416002.11,0.08143,0.02,15043370716.0,21000000000.0,15043370716.0,0.001303,0.02351,0.02078,0.02853,0.0183,0.02853,0.0183,0.07165,0.0183,0.1825,0.0183,0.1825,2.028e-05,"May 01, 2021","Dec 20, 2014",2022-01-26 21:28:44.858988,5.822162645218945
70,146,https://s2.coinmarketcap.com/static/img/coins/64x64/1.png,Nano,XNO,315378314.73,315378314.26,2.27,2.4,2.31,2.33,1.15,64639615.94,2.37,60587765.47,0.1921,0.02,133248297.0,133248297.0,133248297.0,-0.007003,2.62,2.25,3.12,1.93,3.12,1.93,7.48,1.93,17.49,1.93,37.62,0.006658,"Jan 02, 2018","Mar 10, 2017",2022-01-26 21:28:47.331280,-0.29548523206751054
71,152,https://s2.coinmarketcap.com/static/img/coins/64x64/6187.png,Serum,SRM,285109941.08,21744077048.06,2.06,2.15,2.11,2.1,0.47,58654483.88,2.14,72901768.82,0.2557,0.02,133231781.0,10161000000.0,1092844982.0,0.0393,2.27,2.06,3.01,1.94,3.01,1.94,8.88,1.94,13.72,1.8,13.72,0.11,"Sep 11, 2021","Aug 11, 2020",2022-01-26 21:28:50.222368,1.836448598130841
72,155,https://s2.coinmarketcap.com/static/img/coins/64x64/5899.png,Casper,CSPR,269308048.2,932387084.95,0.07597,0.09157,0.08118,0.08841,8.91,18844153.8,0.08773,16033664.66,0.05954,0.02,3069626556.0,0.0,10627532952.0,-0.001871,0.09243,0.08651,0.1077,0.07156,0.1077,0.07156,0.2401,0.07156,1.36,0.05072,1.36,0.05072,"May 12, 2021","Jul 15, 2021",2022-01-26 21:28:52.914371,-2.1326798130628064
73,165,https://s2.coinmarketcap.com/static/img/coins/64x64/3992.png,COTI,COTI,236503674.43,544517705.86,0.2474,0.2718,0.2614,0.2599,0.56,37401962.9,0.2723,38260656.95,0.1618,0.01,868672118.0,2000000000.0,2000000000.0,0.01073,0.2851,0.2545,0.3956,0.2231,0.3956,0.2231,0.6826,0.2231,0.6826,0.05635,0.6826,0.006226,"Oct 31, 2021","Nov 09, 2019",2022-01-26 21:28:56.619299,3.940506793977231
74,171,https://s2.coinmarketcap.com/static/img/coins/64x64/2303.png,MediBloc,MED,211164494.83,308083005.31,0.03531,0.03759,0.03759,0.03729,0.8,5126248.43,0.03923,21126591.19,0.1,0.01,5382401140.0,0.0,7852770516.0,0.002348,0.04254,0.03662,0.04914,0.03377,0.04914,0.03377,0.09195,0.03377,0.3528,0.004169,0.3528,0.001558,"Apr 02, 2021","Feb 06, 2019",2022-01-26 21:29:00.298069,5.985215396380321
75,173,https://s2.coinmarketcap.com/static/img/coins/64x64/1214.png,Lisk,LSK,208773385.94,234555479.61,1.48,1.6,1.54,1.59,3.09,3224462.0,1.62,12706784.53,0.06086,0.01,128900445.0,0.0,144818773.0,0.04539,1.7,1.54,2.06,1.45,2.06,1.45,4.53,1.45,11.41,1.19,39.31,0.09565,"Jan 07, 2018","Mar 02, 2017",2022-01-26 21:29:02.919086,2.8018518518518514
76,177,https://s2.coinmarketcap.com/static/img/coins/64x64/2868.png,Constellation,DAG,198427959.96,578502143.48,0.1501,0.1623,0.1526,0.1569,2.83,1405449.73,0.1566,1404834.99,0.00708,0.01,1266911931.0,3693588685.0,3711998690.0,-0.0003528,0.1603,0.1538,0.1867,0.1365,0.1867,0.1365,0.2862,0.1365,0.4624,0.009042,0.4624,0.0008968,"Aug 26, 2021","Mar 21, 2019",2022-01-26 21:29:05.857230,-0.2252873563218391
77,182,https://s2.coinmarketcap.com/static/img/coins/64x64/5268.png,Energy Web Token,EWT,182917544.73,608464856.13,5.89,6.29,6.13,6.25,1.86,1054851.97,6.08,1390277.32,0.007601,0.01,30062138.0,100000000.0,48638535.0,-0.04177,6.47,6.03,7.4,5.35,7.4,5.35,21.85,5.35,22.22,4.41,22.22,0.5008,"Apr 17, 2021","Apr 01, 2020",2022-01-26 21:29:09.651079,-0.6870065789473684
78,190,https://s2.coinmarketcap.com/static/img/coins/64x64/6951.png,Reef,REEF,172309381.95,158370342.69,0.009386,0.009874,0.009571,0.009732,1.68,19112629.9,0.009829,24880618.27,0.1444,0.01,17530705935.0,0.0,16112552172.0,4.864e-05,0.01048,0.009618,0.0135,0.008741,0.0135,0.008741,0.03842,0.008741,0.05841,0.008741,0.05841,0.006623,"Mar 15, 2021","Jan 13, 2021",2022-01-26 21:29:12.333544,0.49486214263912914
79,191,https://s2.coinmarketcap.com/static/img/coins/64x64/1320.png,Ardor,ARDR,171763362.0,171763362.0,0.1609,0.1843,0.1609,0.1671,3.83,35195570.02,0.1719,11517980.52,0.06706,0.01,998999495.0,998999495.0,998999495.0,0.005237,0.1791,0.1635,0.2207,0.1508,0.2207,0.1508,0.416,0.1456,0.7756,0.07115,2.55,0.008368,"Jan 13, 2018","Oct 30, 2016",2022-01-26 21:29:14.816905,3.0465386852821412
80,196,https://s2.coinmarketcap.com/static/img/coins/64x64/2222.png,Bitcoin Diamond,BCD,164762663.88,185530708.11,0.8403,0.9099,0.8748,0.8734,0.17,1492858.53,0.8835,1681473.96,0.01021,0.01,186492898.0,210000000.0,189492898.0,-0.008717,0.928,0.8615,1.2,0.8081,1.2,0.8081,2.5,0.8081,11.22,0.5868,104.84,0.2664,"Nov 25, 2017","Mar 13, 2020",2022-01-26 21:29:17.209573,-0.9866440294284099
81,199,https://s2.coinmarketcap.com/static/img/coins/64x64/1.png,Verge,XVG,161241361.04,161833066.06,0.009,0.009782,0.009328,0.009752,4.54,6249674.52,0.009775,8097157.66,0.05022,0.01,16494470488.0,16555000000.0,16494470488.0,5.142e-05,0.01046,0.009565,0.01346,0.008098,0.01346,0.008098,0.03704,0.008098,0.08482,0.008098,0.3006,2.167e-06,"Dec 23, 2017","Feb 05, 2015",2022-01-26 21:29:20.147679,0.5260358056265984
82,199,https://s2.coinmarketcap.com/static/img/coins/64x64/3441.png,Divi,DIVI,160962457.29,160962457.29,0.05308,0.05696,0.05552,0.05438,2.05,311192.43,0.05939,383679.44,0.002384,0.01,2710141880.0,0.0,2710141880.0,0.003976,0.06045,0.05417,0.07236,0.05267,0.07236,0.05267,0.187,0.02961,0.187,0.02075,0.3527,0.001028,"Nov 20, 2020","Jun 09, 2019",2022-01-26 21:29:22.679470,6.6947297524835845
83,203,https://s2.coinmarketcap.com/static/img/coins/64x64/11419.png,Toncoin,TONCOIN,2670399676.42,10931705806.27,2.19,2.36,2.36,2.24,4.93,6590888.6,2.19,5960419.69,0.002232,0.0,1221401181.0,5000000000.0,5047558528.0,-0.05881,2.33,2.19,3.7,2.19,3.7,2.19,5.84,0.7336,5.84,0.3906,5.84,0.3906,"Nov 12, 2021","Sep 20, 2021",2022-01-26 21:29:25.075069,-2.6853881278538814
84,208,https://s2.coinmarketcap.com/static/img/coins/64x64/5482.png,Counos X,CCXX,1333052246.24,1567027067.67,74.43,74.66,74.55,74.56,0.02,61.18,74.62,60.0,5e-08,0.0,17864463.0,21000000.0,18402730.0,0.05746,74.7,74.19,74.86,4.21,74.86,4.21,179.31,4.21,179.31,4.21,179.31,4.21,"Dec 17, 2021","Jan 21, 2022",2022-01-26 21:29:27.503448,0.07700348432055748
85,215,https://s2.coinmarketcap.com/static/img/coins/64x64/8677.png,Symbol,XYM,898264780.05,1448175716.97,0.1529,0.1594,0.1574,0.1593,1.21,5390040.69,0.1609,8268979.77,0.009206,0.0,5582460005.0,8999999999.0,7967988930.0,0.002777,0.1672,0.158,0.1875,0.1451,0.1875,0.1451,0.5409,0.1451,0.7715,0.08969,0.7715,0.08969,"Mar 21, 2021","Jun 22, 2021",2022-01-26 21:29:30.028692,1.7259167184586703
86,217,https://s2.coinmarketcap.com/static/img/coins/64x64/5804.png,DeFiChain,DFI,769740187.51,3073716579.73,2.43,2.56,2.5,2.51,0.24,2343852.53,2.56,2277156.57,0.002958,0.0,300511840.0,1200000000.0,588631840.0,0.0352,2.62,2.49,3.09,2.31,3.09,2.31,5.62,1.41,5.62,1.41,5.62,0.1642,"Dec 06, 2021","Jul 03, 2020",2022-01-26 21:29:33.606262,1.375
87,221,https://s2.coinmarketcap.com/static/img/coins/64x64/4512.png,LINK,LN,689757432.74,697744852.39,109.25,115.49,114.43,113.97,0.4,2028410.18,115.43,1744737.98,0.002529,0.0,5975799.0,0.0,6044999.0,2.83,119.52,110.69,151.33,99.35,151.33,99.35,316.31,99.35,347.83,16.76,347.83,2.58,"Apr 01, 2021","Mar 12, 2020",2022-01-26 21:29:36.687514,2.451702330416703
88,223,https://s2.coinmarketcap.com/static/img/coins/64x64/6836.png,Moonbeam,GLMR,579202776.94,7401021358.33,7.11,7.97,7.41,7.77,4.83,41598840.89,7.4,40193940.55,0.0694,0.0,78259844.0,1000000000.0,1005086896.0,-0.3871,7.97,7.34,11.32,6.52,11.32,6.52,437.07,6.52,437.07,6.52,437.07,6.52,"Jan 11, 2022","Jan 24, 2022",2022-01-26 21:29:39.624660,-5.231081081081081
89,228,https://s2.coinmarketcap.com/static/img/coins/64x64/10442.png,Decentralized Social,DESO,460129427.82,559770959.29,51.27,62.57,61.01,51.68,15.3,3108404.45,51.79,1810388.83,0.003935,0.0,8884536.0,10808492.0,10808492.0,-0.4831,53.09,49.31,95.19,39.93,95.19,39.93,475.0,39.93,475.0,0.0,475.0,0.0,"Dec 13, 2021","Jun 16, 2021",2022-01-26 21:29:42.169507,-0.9328055609190964
90,229,https://s2.coinmarketcap.com/static/img/coins/64x64/268.png,WhiteCoin,XWC,427320298.24,574199920.81,0.5741,0.5919,0.5917,0.5741,2.96,6654853.78,0.5742,7077739.41,0.01656,0.0,744201249.0,1000000000.0,944201250.0,-0.002739,0.5778,0.5675,0.6035,0.5675,0.6035,0.5675,0.9694,0.5498,2.62,0.5278,2.62,6.573e-05,"Mar 05, 2021","Nov 19, 2015",2022-01-26 21:29:44.403921,-0.47701149425287354
91,235,https://s2.coinmarketcap.com/static/img/coins/64x64/7878.png,MobileCoin,MOB,336277059.27,1132729227.58,4.48,4.63,4.52,4.51,0.12,815330.4,4.53,1193702.46,0.00355,0.0,74218324.0,0.0,250000000.0,-0.07791,4.73,4.49,9.13,1.03,9.13,1.03,17.07,1.03,73.45,1.03,73.45,1.03,"Apr 06, 2021","Jan 22, 2022",2022-01-26 21:29:46.733462,-1.7198675496688738
92,250,https://s2.coinmarketcap.com/static/img/coins/64x64/14556.png,Boba Network,BOBA,266203098.53,840801536.34,1.62,1.72,1.69,1.72,1.74,3796746.83,1.68,3917248.43,0.01472,0.0,158303171.0,500000000.0,500000000.0,-0.01774,1.8,1.68,2.91,1.55,2.91,1.55,7.99,1.55,7.99,1.55,7.99,1.55,"Nov 25, 2021","Jan 24, 2022",2022-01-26 21:29:49.109736,-1.0559523809523808
93,261,https://s2.coinmarketcap.com/static/img/coins/64x64/9258.png,Chia,XCH,225428141.05,1723347555.18,73.44,79.45,78.89,78.75,0.17,16127761.27,76.32,14190669.11,0.06295,0.0,2953916.0,0.0,22582025.0,-1.58,79.97,75.82,87.48,68.48,87.48,68.48,230.14,68.48,1934.51,68.48,1934.51,68.48,"May 03, 2021","Jan 22, 2022",2022-01-26 21:29:51.513407,-2.070230607966457
94,263,https://s2.coinmarketcap.com/static/img/coins/64x64/1.png,Everscale,EVER,225809679.18,626373174.95,0.2896,0.3087,0.3012,0.3007,0.17,3243583.93,0.3071,2848268.1,0.01261,0.0,735353906.0,0.0,2039797242.0,0.001873,0.3138,0.2932,0.3454,0.2805,0.3454,0.2805,0.4356,0.2277,0.8761,0.2277,1.7,0.1677,"Oct 26, 2020","Dec 27, 2020",2022-01-26 21:29:53.963854,0.6098990556821883
95,266,https://s2.coinmarketcap.com/static/img/coins/64x64/4121.png,Sapphire,SAPP,209095391.91,216153685.07,0.3729,0.3979,0.3886,0.3954,1.75,1395644.95,0.389,1008127.52,0.004821,0.0,537572916.0,0.0,555719405.0,-0.004528,0.415,0.389,0.4665,0.3505,0.4665,0.3505,0.6375,0.3505,0.6375,0.0721,0.6375,0.00178,"Nov 16, 2021","May 05, 2020",2022-01-26 21:29:57.117749,-1.1640102827763497
96,271,https://s2.coinmarketcap.com/static/img/coins/64x64/7431.png,Akash Network,AKT,190970588.37,651665845.02,1.77,1.83,1.8,1.79,0.92,1863778.47,1.68,1798691.2,0.009419,0.0,113861304.0,388539008.0,162863559.0,-0.1243,1.79,1.67,2.3,1.54,2.3,1.54,3.07,1.39,8.08,1.39,8.08,0.3335,"Apr 06, 2021","Oct 23, 2020",2022-01-26 21:29:59.669510,-7.398809523809524
97,284,https://s2.coinmarketcap.com/static/img/coins/64x64/5552.png,Hathor,HTR,159772448.72,637971160.3,0.6679,0.7539,0.6917,0.7251,4.83,10676888.6,0.7075,12459593.75,0.07798,0.0,225842072.0,0.0,901787072.0,-0.0299,0.7769,0.6924,1.21,0.5943,1.21,0.5943,2.48,0.5943,2.48,0.1823,2.48,0.08089,"Nov 21, 2021","Nov 06, 2020",2022-01-26 21:30:02.571908,-4.226148409893993
98,289,https://s2.coinmarketcap.com/static/img/coins/64x64/4660.png,Telos,TLOS,157566780.66,207198007.82,0.5307,0.5823,0.5387,0.5634,4.59,3684241.85,0.5833,3595482.6,0.02282,0.0,270123444.0,0.0,355208371.0,0.01708,0.6017,0.5565,0.7503,0.4879,0.7503,0.4879,1.28,0.4467,1.28,0.03443,1.28,0.009753,"Nov 16, 2021","Dec 05, 2020",2022-01-26 21:30:05.859118,2.928167323847077
99,299,https://s2.coinmarketcap.com/static/img/coins/64x64/9720.png,PlatON,LAT,147174716.36,656548624.51,0.06252,0.06667,0.06652,0.0638,4.09,6091206.92,0.06405,6286512.04,0.04271,0.0,2297683349.0,0.0,10250000000.0,-0.0008791,0.06741,0.06261,0.1016,0.05982,0.1016,0.05982,0.3495,0.05982,0.8941,0.05982,0.8941,0.05982,"May 12, 2021","Jan 24, 2022",2022-01-26 21:30:08.546932,-1.3725214676034347
100,303,https://s2.coinmarketcap.com/static/img/coins/64x64/2780.png,NKN,NKN,141485441.18,202122058.83,0.1837,0.1949,0.1882,0.1926,2.36,4078513.7,0.2021,5153077.78,0.03642,0.01,700000000.0,1000000000.0,700000000.0,0.009938,0.2149,0.189,0.2869,0.169,0.2869,0.169,0.8027,0.169,1.48,0.02217,1.48,0.006411,"Apr 09, 2021","Mar 13, 2020",2022-01-26 21:30:12.338925,4.917367639782286
101,305,https://s2.coinmarketcap.com/static/img/coins/64x64/3951.png,Pirate Chain,ARRR,140485880.3,148023341.92,0.6965,0.7242,0.7076,0.7202,1.79,212243.86,0.7401,344984.85,0.002456,0.0,189815847.0,200000000.0,189815847.0,0.0284,0.7671,0.7044,0.9181,0.6433,0.9181,0.6433,2.3,0.6433,16.9,0.09382,16.9,0.01274,"Apr 23, 2021","Mar 16, 2020",2022-01-26 21:30:14.566429,3.8373192811782197
102,308,https://s2.coinmarketcap.com/static/img/coins/64x64/2585.png,CENNZnet,CENNZ,139352927.14,139352927.14,0.1055,0.1649,0.1104,0.1435,29.92,7834706.9,0.1161,8318524.98,0.05969,0.0,1200000000.0,0.0,1200000000.0,-0.009683,0.1649,0.1161,0.2056,0.1039,0.2056,0.1039,0.3367,0.07195,0.3367,0.03235,0.5416,0.01101,"Apr 25, 2018","Mar 10, 2019",2022-01-26 21:30:18.034415,-8.340223944875108
103,308,https://s2.coinmarketcap.com/static/img/coins/64x64/3918.png,Safe,SAFE,140275097.53,199282139.44,6.82,7.6,7.6,6.87,9.59,0.0,6.73,0.0,0.0,0.0,20835499.0,0.0,29600000.0,-0.1799,7.08,6.68,8.01,6.68,8.01,6.68,9.93,2.82,9.93,0.1624,9.93,0.1082,"Dec 11, 2021","Oct 23, 2020",2022-01-26 21:30:20.592708,-2.6731054977711737
104,316,https://s2.coinmarketcap.com/static/img/coins/64x64/6843.png,Radicle,RAD,132527341.5,506286689.04,4.85,5.1,5.05,4.91,2.88,12392140.34,5.06,14464874.79,0.1091,0.0,26176244.0,99999620.0,99998770.0,0.06296,5.38,4.84,7.24,4.65,7.24,4.65,23.72,4.65,27.35,3.78,27.35,3.78,"Apr 15, 2021","Jul 09, 2021",2022-01-26 21:31:17.654616,1.2442687747035575
105,317,https://s2.coinmarketcap.com/static/img/coins/64x64/5453.png,KardiaChain,KAI,130073881.11,200329402.6,0.03947,0.04148,0.04081,0.04101,0.47,1129136.56,0.04007,1079840.63,0.008302,0.0,3246500000.0,5000000000.0,5000000000.0,-0.001037,0.04224,0.04007,0.05706,0.03729,0.05706,0.03729,0.1555,0.03729,0.1596,0.01999,0.1596,0.0004011,"Apr 14, 2021","May 11, 2020",2022-01-26 21:31:21.809019,-2.5879710506613427
106,322,https://s2.coinmarketcap.com/static/img/coins/64x64/1343.png,Stratis,STRAX,125791773.7,125791773.7,0.9007,0.9544,0.9411,0.9342,0.74,5383265.88,0.9441,10411278.88,0.08277,0.01,133240293.0,0.0,133240293.0,0.0196,0.9979,0.9154,1.35,0.845,1.35,0.845,2.67,0.845,4.51,0.5149,22.66,0.008483,"Jan 08, 2018","Aug 13, 2016",2022-01-26 21:31:25.394208,2.076051265755746
107,326,https://s2.coinmarketcap.com/static/img/coins/64x64/2137.png,Electroneum,ETN,123280442.29,144535280.43,0.006689,0.007119,0.006845,0.006805,0.58,288275.83,0.006883,337209.55,0.002735,0.0,17911815582.0,21000000000.0,17911815582.0,3.001e-05,0.007358,0.006718,0.009446,0.006364,0.009446,0.006364,0.0285,0.006364,0.04073,0.004902,0.2362,0.001428,"Nov 02, 2017","Mar 13, 2020",2022-01-26 21:31:27.844203,0.43600174342583176
108,330,https://s2.coinmarketcap.com/static/img/coins/64x64/1762.png,Ergo,ERG,122945835.6,375376607.71,3.07,3.33,3.28,3.33,1.41,1532979.52,3.84,2621559.46,0.02132,0.01,32012428.0,97739924.0,35316150.0,0.5241,3.99,3.28,4.37,2.83,4.37,2.83,11.4,2.83,19.6,0.7462,44.06,0.09398,"Jul 01, 2019","Mar 13, 2020",2022-01-26 21:31:30.504332,13.648437500000002
109,338,https://s2.coinmarketcap.com/static/img/coins/64x64/6756.png,Acala Token,ACA,115553589.5,1667332152.71,1.83,3.1,3.1,2.0,35.45,117159828.78,1.67,46935894.81,0.4062,0.0,69304481.0,1000000000.0,1000000000.0,-0.2496,2.08,1.67,3.1,1.67,3.1,1.67,3.1,1.67,3.1,1.67,3.1,1.67,"Jan 25, 2022","Jan 26, 2022",2022-01-26 21:31:33.231994,-14.946107784431137
110,333,https://s2.coinmarketcap.com/static/img/coins/64x64/3437.png,ABBC Coin,ABBC,120660435.74,188138956.61,0.1269,0.1292,0.129,0.1269,1.61,41041457.07,0.1254,39423304.16,0.3267,0.01,962005195.0,1500000000.0,1500000000.0,-0.002907,0.1293,0.1253,0.1711,0.1253,0.1711,0.1253,0.3464,0.1107,0.8014,0.09896,2.05,0.02939,"Oct 25, 2018","Dec 06, 2018",2022-01-26 21:31:35.656279,-2.318181818181818
111,336,https://s2.coinmarketcap.com/static/img/coins/64x64/1230.png,Steem,STEEM,116121140.4,120307681.86,0.2741,0.2933,0.2891,0.2918,0.92,17435812.31,0.294,24501448.88,0.211,0.01,394951699.0,0.0,409190981.0,0.002204,0.3106,0.2854,0.3988,0.2551,0.3988,0.2551,0.8312,0.2551,1.44,0.1654,8.57,0.06919,"Jan 03, 2018","Mar 10, 2017",2022-01-26 21:31:38.053113,0.7496598639455782
112,342,https://s2.coinmarketcap.com/static/img/coins/64x64/3418.png,Metadium,META,112910552.23,133830253.46,0.05815,0.06349,0.06349,0.06275,1.16,3377896.78,0.06692,18507823.99,0.1639,0.01,1687369624.0,0.0,2000000000.0,0.004058,0.07367,0.06068,0.09517,0.05698,0.09517,0.05698,0.2078,0.05698,0.4466,0.007682,0.4466,0.002862,"Apr 01, 2021","Mar 13, 2020",2022-01-26 21:31:41.677612,6.063956963538554
113,344,https://s2.coinmarketcap.com/static/img/coins/64x64/1586.png,Ark,ARK,110715826.59,132566104.73,0.7382,0.8296,0.8009,0.7846,2.03,5631572.68,0.822,6311839.99,0.05701,0.01,134695983.0,0.0,161278856.0,0.02466,0.8678,0.7766,1.09,0.7201,1.09,0.7201,2.15,0.7201,3.98,0.3671,10.91,0.03014,"Jan 09, 2018","Mar 22, 2017",2022-01-26 21:31:44.535400,3.0000000000000004
114,345,https://s2.coinmarketcap.com/static/img/coins/64x64/2492.png,Elastos,ELA,110615167.62,153417223.6,5.24,6.52,5.39,6.48,20.24,2781243.96,5.44,3129415.69,0.02829,0.01,20346868.0,28220000.0,24940212.0,-0.3868,6.52,5.43,7.72,4.49,7.72,4.49,7.72,2.29,14.09,1.85,93.96,0.8393,"Feb 24, 2018","Mar 13, 2020",2022-01-26 21:31:48.124314,-7.110294117647058
115,353,https://s2.coinmarketcap.com/static/img/coins/64x64/1.png,Centrifuge,CFG,106892955.46,289937560.48,0.6526,0.699,0.6635,0.6667,0.49,4493106.23,0.6743,4885328.31,0.0457,0.0,158534685.0,0.0,430011123.0,0.0002611,0.699,0.6599,0.8412,0.6396,0.8412,0.6396,2.33,0.6105,2.58,0.6009,2.58,0.6009,"Oct 14, 2021","Jul 16, 2021",2022-01-26 21:31:50.651598,0.03872163725344802
116,358,https://s2.coinmarketcap.com/static/img/coins/64x64/1750.png,GXChain,GXC,104508164.55,139344219.4,1.35,1.43,1.42,1.4,1.25,11281909.38,1.39,14820363.78,0.1418,0.01,75000000.0,100000000.0,99935303.0,0.01052,1.5,1.37,2.04,1.14,2.04,1.14,5.64,0.5344,5.64,0.3202,11.24,0.1912,"Jan 07, 2018","Mar 13, 2020",2022-01-26 21:31:53.195876,0.7568345323741008
117,358,https://s2.coinmarketcap.com/static/img/coins/64x64/5060.png,XeniosCoin,XNC,104316697.39,150440419.84,1.35,1.38,1.36,1.37,0.4,59815.89,1.37,54523.85,0.0005227,0.0,76274958.0,110000000.0,100413374.0,-0.0005123,1.4,1.36,1.5,1.29,1.5,1.29,2.11,0.8962,4.11,0.7371,4.11,0.06441,"Aug 23, 2021","Jan 12, 2020",2022-01-26 21:31:55.851847,-0.037394160583941606
118,361,https://s2.coinmarketcap.com/static/img/coins/64x64/1.png,Hyperion,HYN,102439954.83,5026911572.76,0.29,0.2903,0.2901,0.2902,0.02,0.0,0.5027,34.76,3.4e-07,0.0,203783085.0,10000000000.0,7876642307.0,0.2125,0.5346,0.2901,0.8425,0.29,0.8425,0.29,1.25,0.0001998,1.25,0.0001998,1.25,0.0001998,"Jan 01, 2022","Dec 06, 2021",2022-01-26 21:31:59.555097,42.27173264372389
119,370,https://s2.coinmarketcap.com/static/img/coins/64x64/2570.png,TomoChain,TOMO,100777461.6,113200923.33,1.05,1.13,1.07,1.12,4.26,5417968.16,1.13,6377431.82,0.06328,0.01,89025300.0,0.0,100000000.0,0.0135,1.2,1.1,1.48,0.955,1.48,0.955,3.78,0.955,3.92,0.955,3.92,0.1407,"Sep 06, 2021","Mar 13, 2020",2022-01-26 21:32:03.584776,1.1946902654867257
120,377,https://s2.coinmarketcap.com/static/img/coins/64x64/5221.png,Handshake,HNS,98158149.35,434616017.22,0.2014,0.2132,0.2049,0.2062,0.62,297480.04,0.213,383254.88,0.003904,0.01,460734572.0,2040000000.0,460734572.0,0.004801,0.2198,0.2014,0.2725,0.185,0.2725,0.185,0.5298,0.185,0.8528,0.1136,0.8528,0.07553,"May 05, 2021","Jun 28, 2020",2022-01-26 21:32:06.434157,2.2539906103286387
121,396,https://s2.coinmarketcap.com/static/img/coins/64x64/3626.png,RSK Smart Bitcoin,RBTC,89159643.54,777964421431.77,35610.12,37440.13,36492.41,36794.41,0.83,89969.46,37046.34,19475.98,0.0002184,0.01,2407.0,0.0,20999764.0,252.33,38886.68,36372.38,43280.02,33042.77,43280.02,33042.77,68645.08,33042.77,79765.45,28683.18,146324.97,3107.4,"Dec 13, 2019","Dec 14, 2018",2022-01-26 21:32:08.964852,0.681119916299424
122,415,https://s2.coinmarketcap.com/static/img/coins/64x64/3874.png,IRISnet,IRIS,82261801.61,141752644.91,0.06651,0.07064,0.06826,0.06917,1.33,2623716.07,0.06883,4065337.12,0.04942,0.0,1195192132.0,0.0,2059542127.0,-0.0007638,0.07319,0.06775,0.09626,0.06138,0.09626,0.06138,0.2171,0.06138,0.3177,0.05197,0.3177,0.008254,"Apr 11, 2021","Mar 13, 2020",2022-01-26 21:32:12.585324,-1.1096905419148628
123,419,https://s2.coinmarketcap.com/static/img/coins/64x64/4807.png,CertiK,CTK,80517444.69,131445699.27,1.16,1.29,1.16,1.24,6.9,13827186.75,1.24,14954410.17,0.1857,0.0,64707191.0,0.0,105635269.0,-0.01794,1.36,1.23,1.4,1.04,1.4,1.04,3.26,1.04,3.97,0.754,3.97,0.0,"Apr 06, 2021","Oct 23, 2020",2022-01-26 21:32:16.284271,-1.446774193548387
124,420,https://s2.coinmarketcap.com/static/img/coins/64x64/2665.png,Dero,DERO,80403331.67,132699663.09,6.85,7.41,7.37,6.93,5.87,368340.26,7.21,643674.79,0.008006,0.0,11148644.0,0.0,18400000.0,0.07995,7.5,6.85,10.27,6.07,10.27,6.07,27.02,6.07,27.28,0.5856,27.28,0.201,"Oct 10, 2021","Sep 19, 2018",2022-01-26 21:32:18.701782,1.108876560332871
125,426,https://s2.coinmarketcap.com/static/img/coins/64x64/2606.png,Wanchain,WAN,79019398.58,86112666.57,0.3857,0.4042,0.3973,0.3968,0.14,1478656.92,0.4101,2665557.34,0.03373,0.0,192701891.0,210000000.0,192701891.0,0.01489,0.4292,0.3905,0.5584,0.3715,0.5584,0.3715,1.17,0.3715,2.64,0.3674,9.92,0.07575,"May 03, 2018","Mar 13, 2020",2022-01-26 21:32:21.229339,3.630821750792489
126,422,https://s2.coinmarketcap.com/static/img/coins/64x64/9104.png,AIOZ Network,AIOZ,79109023.04,209270790.8,0.184,0.2224,0.1916,0.2091,9.09,1862711.15,0.2093,1347821.35,0.01704,0.0,378022287.0,1000000000.0,1000000000.0,-0.009077,0.2189,0.2,0.2779,0.1624,0.2779,0.1624,1.17,0.1624,2.67,0.1605,2.67,0.1605,"Apr 03, 2021","Jul 21, 2021",2022-01-26 21:32:23.696915,-4.336837075967511
127,433,https://s2.coinmarketcap.com/static/img/coins/64x64/1993.png,Kin,KIN,74001135.51,437875657.33,3.376e-05,4.157e-05,3.499e-05,4.151e-05,18.63,3376202.83,4.379e-05,4649216.45,0.06283,0.0,1690003412395.0,10000000000000.0,10000000000000.0,6.551e-06,4.559e-05,3.702e-05,5.204e-05,2.861e-05,5.204e-05,2.861e-05,0.0003832,2.861e-05,0.0005336,2.861e-05,0.001493,2.355e-06,"Jan 06, 2018","Jan 09, 2020",2022-01-26 21:32:26.098831,14.960036538022377
128,442,https://s2.coinmarketcap.com/static/img/coins/64x64/1.png,Shyft Network,SHFT,71983188.76,1263795568.12,0.4802,0.4919,0.4886,0.49,0.29,140985.97,0.5015,426808.61,0.005929,0.0,143534002.0,2520000000.0,2520000000.0,0.01406,0.5081,0.4839,0.6585,0.4576,0.6585,0.4576,0.8712,0.3501,6.4,0.3501,6.4,0.3501,"Mar 28, 2021","Dec 26, 2021",2022-01-26 21:32:30.152512,2.803589232303091
129,448,https://s2.coinmarketcap.com/static/img/coins/64x64/213.png,MonaCoin,MONA,69727919.06,111514302.57,0.989,1.02,0.9999,1.01,1.3,529385.64,1.06,841726.41,0.01207,0.0,65729675.0,105120000.0,65729675.0,0.05111,1.09,1.0,1.14,0.9701,1.14,0.9701,1.94,0.9701,4.36,0.9701,20.23,0.0196,"Dec 06, 2017","Jan 14, 2015",2022-01-26 21:32:32.826918,4.821698113207548
130,452,https://s2.coinmarketcap.com/static/img/coins/64x64/463.png,BitShares,BTS,68054825.91,81824380.29,0.02196,0.02297,0.02265,0.0227,0.21,3473323.73,0.02273,3832515.37,0.05632,0.0,2994660000.0,3600570502.0,2994660000.0,5.602e-05,0.02432,0.02246,0.03004,0.01999,0.03004,0.01999,0.06215,0.01999,0.1739,0.01999,0.9168,0.002387,"Jan 02, 2018","Jan 07, 2016",2022-01-26 21:32:35.298534,0.24645842498900133
131,454,https://s2.coinmarketcap.com/static/img/coins/64x64/6841.png,Phala Network,PHA,67855855.77,249470057.96,0.2402,0.2583,0.256,0.2446,4.47,10216956.55,0.2495,11161192.33,0.1645,0.0,272000000.0,1000000000.0,1000000000.0,0.005613,0.2636,0.2402,0.3637,0.2303,0.5296,0.2303,0.9378,0.2303,1.41,0.2303,1.41,0.07474,"May 15, 2021","Nov 26, 2020",2022-01-26 21:32:39.649511,2.249699398797595
132,470,https://s2.coinmarketcap.com/static/img/coins/64x64/1521.png,Komodo,KMD,64287371.63,99017516.15,0.4813,0.509,0.4902,0.4909,0.14,657425.61,0.4951,809289.21,0.01259,0.0,129850503.0,200000000.0,129850503.0,-0.0006722,0.5249,0.4855,0.6202,0.4487,0.6202,0.4487,1.61,0.4487,4.71,0.4487,15.41,0.002143,"Dec 21, 2017","Mar 13, 2017",2022-01-26 21:32:42.099258,-0.13577055140375682
133,474,https://s2.coinmarketcap.com/static/img/coins/64x64/5622.png,Darma Cash,DMCH,63451671.72,134825813.78,0.2861,0.2931,0.2862,0.293,2.39,44264.52,0.2931,35454.48,0.0005588,0.0,216485020.0,460000000.0,216485020.0,0.0001164,0.2932,0.293,0.2989,0.2861,0.2989,0.2861,0.8186,0.005096,1.9,0.005096,1.9,0.005096,"Aug 19, 2021","Nov 30, 2021",2022-01-26 21:32:44.463790,0.03971340839303991
134,475,https://s2.coinmarketcap.com/static/img/coins/64x64/3930.png,Thunder Token,TT,63483853.5,77605422.82,0.006883,0.007248,0.007187,0.007178,0.14,6110906.49,0.007761,30597463.08,0.482,0.0,8180337300.0,10000000000.0,10000000000.0,0.0005855,0.00816,0.007051,0.009416,0.006445,0.009416,0.006445,0.01986,0.006445,0.04028,0.004187,0.04028,0.002613,"Apr 03, 2021","Mar 13, 2020",2022-01-26 21:32:48.110778,7.544130910965081
135,486,https://s2.coinmarketcap.com/static/img/coins/64x64/1.png,LTO Network,LTO,60733154.63,82405597.09,0.189,0.2056,0.1986,0.2051,3.27,7265499.42,0.2043,11917487.46,0.1962,0.0,297301968.0,403393276.0,397969833.0,0.005339,0.2253,0.1939,0.3059,0.1712,0.3059,0.1712,0.8113,0.1712,0.9052,0.1333,0.9052,0.01969,"Apr 07, 2021","Dec 02, 2019",2022-01-26 21:32:51.024346,2.6133137542829172
136,511,https://s2.coinmarketcap.com/static/img/coins/64x64/2638.png,Cortex,CTXC,55215191.4,87224182.98,0.2838,0.3149,0.2916,0.295,1.18,13431533.09,0.2909,12244883.1,0.2218,0.0,189776475.0,299792458.0,299792458.0,-0.004308,0.3175,0.2875,0.3951,0.2325,0.3951,0.2325,1.36,0.1705,1.36,0.09696,2.41,0.03413,"Apr 30, 2018","Mar 16, 2020",2022-01-26 21:32:53.417274,-1.4809212787899622
137,514,https://s2.coinmarketcap.com/static/img/coins/64x64/4074.png,ScPrime,SCP,54565543.38,62428929.24,1.2,1.49,1.43,1.34,6.36,105358.81,1.35,48739.32,0.0008932,0.0,40479562.0,0.0,46313031.0,0.05504,1.42,1.2,2.0,1.15,2.0,1.15,3.6,0.224,3.6,0.01871,3.6,0.003701,"Jan 09, 2022","Dec 02, 2020",2022-01-26 21:32:55.936959,4.077037037037036
138,532,https://s2.coinmarketcap.com/static/img/coins/64x64/3175.png,Maro,MARO,50641368.15,71155776.66,0.06597,0.07248,0.06891,0.06947,0.82,1110405.28,0.07116,536653.37,0.0106,0.0,711697216.0,1000000000.0,956559371.0,0.002054,0.0761,0.06837,0.08735,0.05981,0.08735,0.05981,0.258,0.05981,0.8955,0.02047,0.8955,0.009605,"Apr 02, 2021","Jan 24, 2019",2022-01-26 21:32:58.234778,2.8864530635188306
139,531,https://s2.coinmarketcap.com/static/img/coins/64x64/2021.png,RChain,REV,50816730.19,69558004.43,0.07001,0.08773,0.07276,0.08748,20.24,1286742.03,0.07989,1161558.53,0.02286,0.0,636077419.0,0.0,870663574.0,0.003904,0.08797,0.07549,0.1004,0.06973,0.1004,0.06973,0.1469,0.06973,0.6264,0.02191,3.14,0.008209,"Jan 08, 2018","Mar 16, 2020",2022-01-26 21:33:00.574135,4.886719238953561
140,538,https://s2.coinmarketcap.com/static/img/coins/64x64/4003.png,Zenon,ZNN,49567856.29,55613447.06,7.45,10.12,9.85,8.21,16.67,208182.53,7.83,321006.51,0.006476,0.0,6330750.0,0.0,7102886.0,-1.21,9.06,7.11,14.12,7.11,14.12,7.11,14535421.57,3.0,14535421.57,3.0,14535421.57,0.1752,"Nov 21, 2021","Oct 20, 2019",2022-01-26 21:33:03.435862,-15.453384418901658
141,537,https://s2.coinmarketcap.com/static/img/coins/64x64/8541.png,SifChain,erowan,49743895.86,114075546.75,0.09136,0.102,0.09845,0.09297,5.57,272982.27,0.09196,267086.99,0.005369,0.0,540915833.0,0.0,1240459123.0,-0.002614,0.09867,0.08228,0.1553,0.08092,0.1553,0.08092,0.4467,0.08092,1.43,0.08092,1.43,0.08092,"Mar 17, 2021","Jan 24, 2022",2022-01-26 21:33:07.198198,-2.8425402348847326
142,550,https://s2.coinmarketcap.com/static/img/coins/64x64/4268.png,NewYork Exchange,NYE,47967184.89,4059247944.8,6.93,7.32,7.31,6.93,5.17,454771.16,6.77,475186.56,0.009906,0.0,7090060.0,600000000.0,381966631.0,-0.4627,7.85,6.76,8.64,6.42,8.64,6.42,17.51,6.42,25.84,3.24,25.84,1.58,"Mar 10, 2021","Oct 28, 2019",2022-01-26 21:33:10.693865,-6.834564254062039
143,556,https://s2.coinmarketcap.com/static/img/coins/64x64/1.png,FIO Protocol,FIO,45785172.41,97286293.93,0.09188,0.09612,0.09467,0.09426,0.44,2439986.61,0.09729,2312054.21,0.0505,0.0,470623050.0,1000000000.0,806105127.0,0.004306,0.1012,0.09188,0.1378,0.08421,0.1378,0.08421,0.437,0.08421,0.5691,0.06642,0.5691,0.05809,"Apr 06, 2021","Jan 05, 2021",2022-01-26 21:33:13.169649,4.425943056840374
144,563,https://s2.coinmarketcap.com/static/img/coins/64x64/1883.png,Adshares,ADS,44622556.75,79217812.86,1.94,2.07,1.99,2.04,2.43,2770650.0,2.04,2870091.6,0.06432,0.0,21832088.0,38758206.0,38758206.0,-0.01064,2.16,2.03,2.34,1.87,2.34,1.87,1548.86,1.63,1548.86,0.02073,1548.86,0.004805,"Jan 19, 2022","Mar 06, 2019",2022-01-26 21:33:15.599179,-0.5215686274509803
145,563,https://s2.coinmarketcap.com/static/img/coins/64x64/1.png,Firo,FIRO,44513022.97,74231299.43,3.4,3.57,3.44,3.56,3.43,2114777.86,3.47,2622337.79,0.05891,0.0,12832575.0,21400000.0,12427855.0,-0.07068,3.71,3.47,4.53,3.11,4.53,3.11,9.74,3.11,25.14,3.11,169.99,0.2751,"Dec 26, 2017","Dec 02, 2016",2022-01-26 21:33:18.027138,-2.036887608069164
146,566,https://s2.coinmarketcap.com/static/img/coins/64x64/2062.png,Aion,AION,43731372.63,43731372.63,0.08284,0.08732,0.0867,0.08499,1.97,3525836.83,0.08728,4288693.11,0.09807,0.0,501044117.0,0.0,501044117.0,0.001099,0.09256,0.08395,0.1481,0.07582,0.1481,0.07582,0.3483,0.07582,0.6905,0.0646,11.51,0.04064,"Jan 07, 2018","Mar 13, 2020",2022-01-26 21:33:20.410232,1.25916590284143
147,571,https://s2.coinmarketcap.com/static/img/coins/64x64/3218.png,Energi,NRG,43199496.71,43199496.71,0.8426,0.9133,0.8926,0.8904,0.25,177308.09,0.8731,154847.7,0.003584,0.0,49478873.0,0.0,49478873.0,-0.003435,0.9396,0.8698,1.05,0.8022,1.05,0.8022,3.04,0.8022,4.57,0.8022,9.9,0.245,"Jun 25, 2019","Sep 19, 2018",2022-01-26 21:33:23.006385,-0.3934257244301913
148,572,https://s2.coinmarketcap.com/static/img/coins/64x64/1866.png,Bytom,BTM,42805060.87,55018244.86,0.02611,0.02763,0.02744,0.0269,2.0,4347035.29,0.0262,3745799.44,0.08751,0.0,1633833069.0,2100000000.0,1730638425.0,-0.000699,0.02814,0.02596,0.03458,0.02493,0.03458,0.02493,0.07255,0.02449,0.2882,0.02449,1.17,0.02449,"Apr 24, 2018","Jan 24, 2022",2022-01-26 21:33:25.825845,-2.6679389312977095
149,576,https://s2.coinmarketcap.com/static/img/coins/64x64/258.png,Groestlcoin,GRS,42237846.65,55921186.35,0.5009,0.522,0.5212,0.5191,0.41,2644520.16,0.5326,7741072.25,0.1833,0.0,79307579.0,105000000.0,79307579.0,0.01494,0.5584,0.511,0.696,0.4757,0.696,0.4757,1.1,0.4757,2.79,0.3246,2.79,6.022e-05,"Apr 09, 2021","Nov 17, 2014",2022-01-26 21:33:28.353088,2.805107022155464
150,581,https://s2.coinmarketcap.com/static/img/coins/64x64/1312.png,Steem Dollars,SBD,41495350.77,41495350.77,3.68,3.95,3.95,3.88,1.75,1016280.04,3.98,3038138.59,0.07322,0.0,10418358.0,0.0,10418358.0,0.1089,4.15,3.79,5.65,3.68,5.65,3.68,7.95,3.68,16.53,2.71,22.34,0.2603,"May 17, 2017","Oct 23, 2020",2022-01-26 21:33:30.763584,2.736180904522613
151,580,https://s2.coinmarketcap.com/static/img/coins/64x64/2530.png,Fusion,FSN,41875130.44,48505128.22,0.5496,0.5765,0.5619,0.5713,1.68,4102409.28,0.5921,2392196.82,0.05713,0.0,70722639.0,81920000.0,70354039.0,0.01922,0.5992,0.5626,0.7242,0.5273,0.7242,0.5273,1.98,0.4605,2.71,0.1744,12.6,0.07753,"May 05, 2018","Mar 14, 2020",2022-01-26 21:33:33.068720,3.2460732984293195
152,586,https://s2.coinmarketcap.com/static/img/coins/64x64/2662.png,Haven Protocol,XHV,40803690.68,40803690.68,1.71,1.87,1.83,1.76,3.82,747544.05,1.81,681931.37,0.01671,0.0,22549682.0,0.0,22549682.0,0.008474,1.93,1.71,3.06,1.65,3.06,1.65,21.14,1.65,28.99,1.65,28.99,0.07652,"Apr 15, 2021","Sep 25, 2019",2022-01-26 21:33:35.807624,0.4681767955801105
153,593,https://s2.coinmarketcap.com/static/img/coins/64x64/2992.png,Apollo Currency,APL,40305071.74,40305071.74,0.001877,0.00213,0.002075,0.001919,7.51,3029686.61,0.001904,2934041.36,0.0728,0.0,21165096531.0,0.0,21165096531.0,-1.381e-05,0.002012,0.001886,0.002603,0.001877,0.002603,0.001877,0.004124,0.00178,0.009948,0.0007979,0.05699,0.0002459,"Nov 22, 2020","Nov 23, 2020",2022-01-26 21:33:38.638057,-0.72531512605042
154,608,https://s2.coinmarketcap.com/static/img/coins/64x64/2092.png,NULS,NULS,38233332.81,80595666.58,0.3508,0.3826,0.3805,0.3603,5.32,13828912.45,0.3838,14969534.08,0.3915,0.0,99620739.0,210000000.0,111697638.0,0.0227,0.413,0.3567,0.5711,0.3148,0.5711,0.3148,1.9,0.3148,2.03,0.2763,8.54,0.0948,"Jan 10, 2018","Oct 28, 2017",2022-01-26 21:33:41.489529,5.9145388223032835
155,604,https://s2.coinmarketcap.com/static/img/coins/64x64/5031.png,MimbleWimbleCoin,MWC,38553517.83,71311445.68,3.19,3.63,3.27,3.3,0.77,147036.67,3.57,104459.65,0.002709,0.0,10812715.0,20000000.0,10812715.0,-0.01828,3.77,3.26,6.8,2.86,6.8,2.86,10.21,2.86,25.47,2.66,32.49,2.37,"Feb 25, 2020","Dec 12, 2020",2022-01-26 21:33:44.083593,-0.5120448179271709
156,616,https://s2.coinmarketcap.com/static/img/coins/64x64/2941.png,CoinEx Token,CET,36354872.97,0.0,0.0481,0.05032,0.04884,0.05032,3.02,960979.5,0.0513,1218377.74,0.03351,0.0,708633582.0,0.0,5817096877.0,0.001717,0.05276,0.04952,0.06403,0.04526,0.06403,0.04526,0.1208,0.04526,0.1459,0.009723,0.1459,0.003805,"May 12, 2021","Dec 07, 2018",2022-01-26 21:33:46.958775,3.3469785575048734
157,631,https://s2.coinmarketcap.com/static/img/coins/64x64/4078.png,Super Zero Protocol,SERO,34945883.76,66101095.86,0.1006,0.1058,0.1007,0.1027,2.04,477824.29,0.1021,379902.54,0.01087,0.0,342245953.0,647367590.0,625988931.0,0.0001716,0.1043,0.1016,0.1105,0.09572,0.1105,0.09572,0.1644,0.08639,0.4397,0.08639,0.4397,0.02999,"Apr 10, 2021","Mar 13, 2020",2022-01-26 21:33:49.954374,0.16807051909892262
158,634,https://s2.coinmarketcap.com/static/img/coins/64x64/5049.png,VerusCoin,VRSC,34578216.93,43429726.3,0.4845,0.5805,0.5247,0.5309,1.18,28459.28,0.5199,15908.71,0.0004601,0.0,66513673.0,83540184.0,66513673.0,-0.05738,0.5786,0.5096,0.6951,0.4565,0.6951,0.4565,1.23,0.4565,3.42,0.2246,3.42,0.04129,"Apr 26, 2021","Jan 23, 2021",2022-01-26 21:33:53.182754,-11.036737834198885
159,637,https://s2.coinmarketcap.com/static/img/coins/64x64/3702.png,Beam,BEAM,33889872.59,83788154.35,0.296,0.3157,0.3127,0.311,0.55,5189516.4,0.3188,3821278.41,0.1128,0.0,106294960.0,262800000.0,106294960.0,0.007188,0.3374,0.3058,0.4525,0.2712,0.4525,0.2712,1.31,0.2712,2.07,0.2712,3.18,0.1483,"Jan 28, 2019","Mar 13, 2020",2022-01-26 21:33:55.668631,2.254705144291092
160,637,https://s2.coinmarketcap.com/static/img/coins/64x64/372.png,Bytecoin,BCN,33608147.29,33681760.97,0.000172,0.0001839,0.0001817,0.000175,3.68,52489.62,0.0001826,43618.91,0.001298,0.0,184066828814.0,184470000000.0,184066828814.0,6.253e-06,0.0001924,0.0001704,0.000332,0.0001704,0.000332,0.0001704,0.001445,0.0001704,0.01192,0.0001466,0.03013,5.61e-06,"May 08, 2018","Nov 29, 2014",2022-01-26 21:33:58.163298,3.4244249726177443
161,641,https://s2.coinmarketcap.com/static/img/coins/64x64/1700.png,Aeternity,AE,33103843.99,50729184.75,0.07784,0.1003,0.08929,0.08877,0.58,1939197.7,0.09459,4320668.5,0.1305,0.0,349972378.0,536306702.0,395793321.0,-0.004522,0.1011,0.08209,0.11,0.07734,0.11,0.07734,0.2677,0.07734,0.5318,0.07532,5.86,0.0545,"Apr 29, 2018","Mar 13, 2020",2022-01-26 21:34:00.779402,-4.780632202135533
162,641,https://s2.coinmarketcap.com/static/img/coins/64x64/5115.png,TerraKRW,KRT,32801912.93,32802529.7,0.0008448,0.000856,0.0008459,0.0008463,0.05,34848.25,0.0008459,72013.01,0.002195,0.0,38776593376.0,0.0,38777322485.0,-4.669e-07,0.000859,0.0008416,0.0008691,0.0007536,0.0008691,0.0007536,0.00125,7.199e-05,0.00125,7.199e-05,0.003216,7.199e-05,"Jan 03, 2021","Nov 10, 2021",2022-01-26 21:34:03.206949,-0.055195649603972094
163,647,https://s2.coinmarketcap.com/static/img/coins/64x64/1107.png,PAC Protocol,PAC,32086161.14,99965848.57,0.001972,0.002248,0.002171,0.002051,5.55,178329.69,0.001999,229608.06,0.007156,0.0,16048561386.0,50000000000.0,16023129470.0,-0.000168,0.002194,0.001946,0.002674,0.001822,0.002674,0.001822,0.006485,0.001822,0.01909,0.0004555,0.01909,2.312e-09,"Mar 24, 2021","Sep 17, 2016",2022-01-26 21:34:05.782182,-8.404202101050526
164,666,https://s2.coinmarketcap.com/static/img/coins/64x64/3704.png,v.systems,VSYS,30308385.94,53883773.07,0.0115,0.01277,0.01202,0.01215,1.06,1986722.97,0.01226,942680.28,0.0311,0.0,2472980292.0,0.0,4396588756.0,9.791e-05,0.01277,0.01197,0.01651,0.01116,0.01651,0.01116,0.02671,0.01116,0.07301,0.01116,0.2975,0.01116,"Jul 29, 2019","Jan 24, 2022",2022-01-26 21:34:08.739814,0.7986133768352366
165,683,https://s2.coinmarketcap.com/static/img/coins/64x64/6641.png,AhaToken,AHT,28750146.31,92156291.5,0.007889,0.008444,0.008434,0.008354,0.94,864883.94,0.008777,5394944.62,0.1876,0.0,3275701868.0,10500000000.0,7773367076.0,0.0004606,0.009439,0.008145,0.01092,0.007556,0.01092,0.007556,0.02337,0.007556,0.03368,0.003568,0.03368,0.003568,"Oct 09, 2021","Jun 22, 2021",2022-01-26 21:34:11.090095,5.247806767688276
166,682,https://s2.coinmarketcap.com/static/img/coins/64x64/5274.png,Edgeware,EDG,28799764.79,32101187.26,0.004163,0.005037,0.004188,0.004686,11.88,1295948.01,0.004824,1747524.59,0.06068,0.0,5970131015.0,0.0,6654508990.0,0.0001137,0.005303,0.004595,0.006407,0.003691,0.006407,0.003691,0.03893,0.003691,0.0562,0.003691,0.0562,0.001383,"Mar 30, 2021","Mar 13, 2020",2022-01-26 21:34:13.831901,2.356965174129353
167,701,https://s2.coinmarketcap.com/static/img/coins/64x64/2346.png,WaykiChain,WICC,27394806.17,27394806.17,0.1293,0.1392,0.1325,0.1324,0.05,3392604.71,0.1305,1084345.08,0.03958,0.0,210000000.0,0.0,210000000.0,-0.002544,0.1375,0.1301,0.1726,0.1222,0.1726,0.1222,0.423,0.1222,0.6962,0.1079,2.85,0.09286,"May 06, 2018","Dec 07, 2018",2022-01-26 21:34:16.717185,-1.9494252873563216
168,698,https://s2.coinmarketcap.com/static/img/coins/64x64/2748.png,Oxen,OXEN,27485470.36,27485470.36,0.4596,0.4971,0.4786,0.4627,3.33,156619.11,0.4833,97025.46,0.00353,0.0,56873665.0,0.0,56873665.0,0.02104,0.5008,0.4596,0.6047,0.4464,0.6047,0.4464,1.25,0.4464,2.35,0.4464,2.35,0.1006,"Apr 22, 2021","Jun 26, 2019",2022-01-26 21:34:21.244860,4.353403683012622
169,711,https://s2.coinmarketcap.com/static/img/coins/64x64/1.png,POA Network,POA,26664553.09,26664553.09,0.01034,0.08784,0.01049,0.06703,539.24,13.51,0.0904,12.21,4.6e-07,0.0,294965004.0,0.0,294965004.0,0.02286,0.09392,0.06659,0.1155,0.01034,0.1155,0.01034,1.87,1.688e-05,1.87,1.688e-05,1.87,1.688e-05,"Jan 12, 2022","Jan 12, 2022",2022-01-26 21:34:23.906206,25.287610619469024
170,706,https://s2.coinmarketcap.com/static/img/coins/64x64/8245.png,Hydra,HYDRA,27043663.73,121460258.04,6.45,7.22,6.66,6.76,1.42,863691.35,7.01,685634.77,0.02535,0.0,3858584.0,0.0,17329923.0,-0.0293,7.13,6.7,9.86,6.36,9.86,6.36,18.47,6.36,52.18,1.4,52.18,1.4,"Apr 03, 2021","Feb 02, 2021",2022-01-26 21:34:28.182801,-0.41797432239657634
171,710,https://s2.coinmarketcap.com/static/img/coins/64x64/5524.png,TNC Coin,TNC,26758807.66,899645848.23,0.004424,0.005985,0.00578,0.004583,20.71,1391789.29,0.004573,1377222.43,0.05147,0.0,5851183164.0,0.0,196719999947.0,4.755e-05,0.005784,0.004085,0.008542,0.003691,0.008542,0.003691,0.01752,0.002416,0.04973,0.002358,0.3202,0.002358,"May 13, 2020","Oct 27, 2021",2022-01-26 21:34:30.588811,1.039798819155915
172,712,https://s2.coinmarketcap.com/static/img/coins/64x64/118.png,ReddCoin,RDD,26754823.07,26754823.07,0.000726,0.001089,0.0008209,0.0007421,9.6,61379.49,0.0008802,37890.83,0.001416,0.0,30397274955.0,0.0,30397274955.0,0.0001389,0.0008902,0.0007321,0.001165,0.0006305,0.001165,0.0006305,0.003469,0.0006305,0.01299,0.0006305,0.03239,6.036e-06,"Jan 07, 2018","May 19, 2015",2022-01-26 21:34:33.085255,15.780504430811176
173,728,https://s2.coinmarketcap.com/static/img/coins/64x64/2937.png,VITE,VITE,25131776.65,51934316.05,0.04777,0.05,0.04924,0.04934,0.21,3324740.03,0.05033,3315608.13,0.1319,0.0,499372765.0,0.0,1031943875.0,0.001028,0.05255,0.04847,0.071,0.04497,0.071,0.04497,0.1566,0.04497,0.3486,0.01961,0.3486,0.005328,"Apr 10, 2021","Mar 13, 2020",2022-01-26 21:34:36.477707,2.042519372143851
174,731,https://s2.coinmarketcap.com/static/img/coins/64x64/3481.png,Peony,PNY,24917856.1,279977239.74,0.1899,0.2265,0.2053,0.2214,7.85,62521.87,0.2333,147301.42,0.005911,0.0,106799493.0,1200000000.0,106799493.0,0.02612,0.258,0.2018,0.3029,0.1118,0.3029,0.1118,1.39,0.1118,1.39,0.006202,1.39,0.0002125,"Dec 22, 2021","Feb 20, 2019",2022-01-26 21:34:38.963736,11.195885126446635
175,736,https://s2.coinmarketcap.com/static/img/coins/64x64/3853.png,MultiVAC,MTV,23936197.94,66723537.77,0.006482,0.007247,0.00692,0.006909,0.17,2898926.82,0.006672,4104057.93,0.1715,0.0,3587369426.0,0.0,10000000000.0,-0.0004349,0.007787,0.006502,0.01007,0.005747,0.01007,0.005747,0.02804,0.005747,0.02917,0.0002579,0.02917,0.0001476,"Oct 27, 2021","Mar 13, 2020",2022-01-26 21:34:42.882324,-6.518285371702638
176,739,https://s2.coinmarketcap.com/static/img/coins/64x64/5435.png,Epic Cash,EPIC,23696109.22,36547239.37,1.66,1.92,1.92,1.9,1.45,31140.81,1.74,11955.46,0.0005045,0.0,13615756.0,21000000.0,13615756.0,0.03925,1.91,1.74,2.18,1.3,2.18,1.3,6.76,1.3,6.76,0.07146,6.76,0.01249,"Dec 11, 2021","Apr 13, 2020",2022-01-26 21:34:45.626312,2.2557471264367814
177,740,https://s2.coinmarketcap.com/static/img/coins/64x64/2916.png,Nimiq,NIM,23841551.51,56485110.26,0.002562,0.002778,0.0026,0.002675,2.87,871472.75,0.00269,1109002.94,0.04652,0.0,8863797547.0,21000000000.0,9478047547.0,-2.988e-07,0.002817,0.002643,0.003951,0.00246,0.003951,0.00246,0.01713,0.00246,0.01713,0.00246,0.0347,0.0002834,"Jul 29, 2018","Jan 02, 2020",2022-01-26 21:34:47.986002,-0.011107806691449814
178,782,https://s2.coinmarketcap.com/static/img/coins/64x64/132.png,Counterparty,XCP,20470434.55,20470434.55,6.25,8.96,8.81,8.93,1.4,69998.45,7.83,96774.52,0.004728,0.0,2613892.0,0.0,2613892.0,-0.562,9.13,7.83,11.15,6.25,11.15,6.25,22.58,3.63,35.71,0.706,103.2,0.4131,"Jan 11, 2018","Jan 12, 2016",2022-01-26 21:34:50.384013,-7.177522349936144
179,758,https://s2.coinmarketcap.com/static/img/coins/64x64/1169.png,PIVX,PIVX,22291037.69,22291037.69,0.3228,0.3438,0.3325,0.3352,0.82,180746.94,0.3269,208988.07,0.009375,0.0,68185394.0,0.0,68185394.0,-0.007031,0.3418,0.3264,0.4379,0.2821,0.4379,0.2821,0.9938,0.2821,4.66,0.2821,14.56,0.000422,"Jan 23, 2018","Feb 16, 2016",2022-01-26 21:34:52.689457,-2.150810645457326
180,761,https://s2.coinmarketcap.com/static/img/coins/64x64/2861.png,GoChain,GO,22035351.12,22616219.11,0.01798,0.01996,0.01866,0.01928,3.33,367477.5,0.01944,356074.74,0.01616,0.0,1133314399.0,0.0,1163189396.0,-0.000349,0.02062,0.01895,0.02865,0.01638,0.02865,0.01638,0.04874,0.01638,0.09558,0.006853,0.1165,0.003994,"Jul 09, 2018","Mar 13, 2020",2022-01-26 21:34:55.038620,-1.7952674897119343
181,763,https://s2.coinmarketcap.com/static/img/coins/64x64/3.png,Namecoin,NMC,21757518.18,21757518.18,1.51,1.97,1.55,1.54,0.57,43030.98,1.48,15725.41,0.0007228,0.0,14736400.0,0.0,14736400.0,-0.1215,1.63,1.44,1.97,1.42,1.97,1.42,4.47,1.21,5.04,0.7073,16.3,0.1634,"Nov 28, 2013","Dec 20, 2016",2022-01-26 21:35:00.332637,-8.20945945945946
182,770,https://s2.coinmarketcap.com/static/img/coins/64x64/789.png,Nexus,NXS,21444187.62,23042286.4,0.2886,0.3073,0.3067,0.2957,3.6,676430.57,0.2954,656098.33,0.0306,0.0,72590307.0,78000000.0,72590307.0,0.0006347,0.3136,0.2906,0.3901,0.2591,0.3901,0.2591,0.7575,0.2591,4.44,0.2591,15.86,0.0007163,"Jan 06, 2018","Aug 29, 2015",2022-01-26 21:35:02.802909,0.21486120514556534
183,776,https://s2.coinmarketcap.com/static/img/coins/64x64/7105.png,Permission Coin,ASK,20639251.42,130234493.28,0.001299,0.001338,0.001302,0.001307,0.43,320494.93,0.001302,423641.86,0.02053,0.0,15847761140.0,0.0,100000000000.0,-2.417e-05,0.001336,0.001297,0.001414,0.001274,0.001652,0.001256,0.002538,0.001256,0.02496,0.0001649,0.02496,0.0001649,"Sep 21, 2021","Feb 04, 2021",2022-01-26 21:35:06.553432,-1.8563748079877114
184,787,https://s2.coinmarketcap.com/static/img/coins/64x64/1826.png,Particl,PART,19897127.23,19701102.51,1.65,1.99,1.75,1.98,12.98,26604.2,1.68,6262.07,0.0003147,0.0,11868162.0,0.0,11751238.0,-0.2794,1.98,1.64,1.99,1.28,1.99,1.28,3.31,1.28,4.36,0.5669,52.4,0.2244,"Jan 14, 2018","Mar 13, 2020",2022-01-26 21:35:08.924152,-16.63095238095238
185,794,https://s2.coinmarketcap.com/static/img/coins/64x64/8216.png,Electra Protocol,XEP,19206943.87,33186508.65,0.001061,0.001209,0.001139,0.001067,6.32,97566.59,0.001106,83966.74,0.004372,0.0,17362727787.0,30000000000.0,17764656765.0,-1.117e-05,0.001172,0.001055,0.0018,0.0007861,0.0018,0.0007861,0.002623,0.0006028,0.003643,0.000472,0.003643,0.000472,"Feb 06, 2021","Sep 30, 2021",2022-01-26 21:35:11.550107,-1.0099457504520797
186,802,https://s2.coinmarketcap.com/static/img/coins/64x64/4200.png,ChainX,PCX,18610609.58,32092857.82,1.29,1.52,1.31,1.47,12.6,762352.15,1.53,551235.21,0.02962,0.0,12177875.0,21000000.0,12177875.0,0.04393,1.55,1.46,1.95,1.25,1.95,1.25,5.44,1.22,17.57,1.22,19.73,0.5446,"Aug 27, 2020","Mar 13, 2020",2022-01-26 21:35:14.311633,2.871241830065359
187,808,https://s2.coinmarketcap.com/static/img/coins/64x64/99.png,Vertcoin,VTC,18003184.83,23870911.48,0.2565,0.3057,0.269,0.2973,10.5,346931.56,0.2842,163090.73,0.009059,0.0,63351897.0,84000000.0,63351897.0,-0.0009666,0.3007,0.2771,0.3777,0.2369,0.3777,0.2369,1.12,0.2369,4.2,0.1749,10.53,0.005343,"Dec 06, 2017","May 06, 2015",2022-01-26 21:35:16.962545,-0.34011259676284306
188,819,https://s2.coinmarketcap.com/static/img/coins/64x64/3756.png,#MetaHash,MHC,17237824.69,52093031.71,0.004983,0.006263,0.005081,0.005548,9.18,828397.45,0.005662,459123.15,0.02663,0.0,3044322473.0,9200000000.0,3214930179.0,0.0001351,0.005854,0.005343,0.006725,0.004662,0.006725,0.004662,0.01294,0.004662,0.05647,0.002929,0.106,0.001366,"Mar 22, 2019","Nov 01, 2020",2022-01-26 21:35:19.619759,2.3860826563051925
189,823,https://s2.coinmarketcap.com/static/img/coins/64x64/3709.png,Grin,GRIN,17079849.48,17079849.48,0.1725,0.1863,0.1809,0.179,1.02,4270379.33,0.1793,2597253.2,0.1521,0.0,95284080.0,0.0,95284080.0,-0.0002518,0.1969,0.1759,0.2547,0.1625,0.2547,0.1625,0.4976,0.1625,1.3,0.1625,14.87,0.1625,"Jan 28, 2019","Jan 22, 2022",2022-01-26 21:35:23.251048,-0.14043502509760178
190,827,https://s2.coinmarketcap.com/static/img/coins/64x64/3126.png,ProximaX,XPX,16765937.1,24746946.97,0.002604,0.002918,0.002754,0.002824,2.53,196336.02,0.00275,171063.25,0.0102,0.0,6097456550.0,0.0,9000000000.0,4.793e-05,0.003111,0.002653,0.004749,0.002248,0.004749,0.002248,0.006778,0.001035,0.006778,0.0005435,0.007203,0.0003824,"May 15, 2019","Mar 13, 2020",2022-01-26 21:35:26.099273,1.7429090909090907
191,833,https://s2.coinmarketcap.com/static/img/coins/64x64/4704.png,Banano,BAN,16514234.21,24075824.5,0.01202,0.01285,0.01245,0.01255,0.85,197004.01,0.01255,59815.66,0.003622,0.0,1316271384.0,0.0,1918969928.0,-0.0001698,0.01276,0.01245,0.01634,0.01048,0.01634,0.01048,0.05865,0.01048,0.05865,0.001231,0.05865,0.0001978,"Oct 30, 2021","Mar 13, 2020",2022-01-26 21:35:29.219419,-1.352988047808765
192,838,https://s2.coinmarketcap.com/static/img/coins/64x64/4752.png,CUTcoin,CUT,15861963.08,20557320.9,0.09518,0.1067,0.1067,0.0983,7.84,182.91,0.1028,0.0,0.0,0.0,154319361.0,200000000.0,158319361.0,0.00466,0.1077,0.09721,0.1452,0.09392,0.1452,0.09392,0.3151,0.09392,0.4204,0.03063,0.4204,0.004769,"Oct 20, 2021","Sep 11, 2020",2022-01-26 21:35:32.274116,4.533073929961089
193,840,https://s2.coinmarketcap.com/static/img/coins/64x64/1.png,Validity,VAL,15862519.55,31802137.11,3.19,3.51,3.3,3.43,3.94,292130.03,3.53,204130.29,0.01287,0.0,4489091.0,9000000.0,4495668.0,0.112,3.68,3.37,5.17,2.73,5.17,2.73,9.57,2.73,19.14,0.5919,21.73,0.001184,"Jan 10, 2018","Jan 22, 2016",2022-01-26 21:35:34.839533,3.1728045325779037
194,846,https://s2.coinmarketcap.com/static/img/coins/64x64/5.png,Peercoin,PPC,15532442.83,15532442.83,0.5409,0.5754,0.5607,0.574,2.37,7251.0,0.5677,9359.7,0.0006026,0.0,27359342.0,0.0,27359342.0,0.001377,0.5961,0.5618,0.6893,0.5166,0.6893,0.5166,2.15,0.5166,13.66,0.3252,13.66,0.09486,"Oct 08, 2021","Mar 13, 2020",2022-01-26 21:35:37.522826,0.24255768892020432
195,855,https://s2.coinmarketcap.com/static/img/coins/64x64/1903.png,HyperCash,HC,15192766.89,28314585.23,0.3283,0.3401,0.3368,0.3317,1.51,1297275.25,0.3371,740103.52,0.04871,0.0,45071909.0,84000000.0,45071909.0,0.005851,0.3488,0.3244,0.4131,0.3174,0.4131,0.3174,0.9204,0.3174,3.28,0.3174,43.17,0.3174,"Aug 27, 2017","Jan 24, 2022",2022-01-26 21:35:40.500864,1.7356867398398101
196,848,https://s2.coinmarketcap.com/static/img/coins/64x64/3850.png,OTOCASH,OTO,15469149.64,16093790.95,0.07501,0.2548,0.09434,0.07997,15.23,6967.85,0.4201,333.08,2.153e-05,0.0,36820604.0,0.0,38307413.0,0.2649,0.4201,0.07891,0.4201,0.07501,0.4201,0.07501,0.4201,0.06623,0.67,0.05543,1.25,0.02984,"Nov 23, 2019","May 09, 2019",2022-01-26 21:35:42.616164,63.056415139252564
197,858,https://s2.coinmarketcap.com/static/img/coins/64x64/1298.png,LBRY Credits,LBC,15123204.86,31439083.83,0.02791,0.02939,0.02928,0.02882,1.57,155112.67,0.02902,85675.59,0.005665,0.0,521054807.0,1083202000.0,705211760.0,0.0004709,0.02993,0.02795,0.03636,0.02756,0.03636,0.02756,0.07965,0.02756,0.5253,0.01241,2.5,0.00511,"Jul 14, 2016","Mar 16, 2020",2022-01-26 21:35:50.684040,1.6226740179186767
198,859,https://s2.coinmarketcap.com/static/img/coins/64x64/1492.png,Obyte,GBYTE,15025711.48,18779918.92,17.32,19.09,17.46,18.84,7.87,24507.22,18.78,20780.13,0.001383,0.0,800095.0,1000000.0,1000000.0,-0.0355,19.55,18.43,19.55,14.38,19.55,14.38,72.35,14.38,161.41,14.38,1195.99,6.81,"Jan 13, 2018","Dec 29, 2016",2022-01-26 21:35:53.491634,-0.1890308839190628
199,876,https://s2.coinmarketcap.com/static/img/coins/64x64/3407.png,Ondori,RSTR,14041688.49,16323401.54,0.0003578,0.0003744,0.0003665,0.0003695,0.82,0.0,0.0003718,0.0,0.0,0.0,37766847790.0,0.0,43903795597.0,4.036e-06,0.0,0.0,0.0,0.0,0.0,0.0,0.0,0.0,0.0,0.0,0.0,0.0,"Jan 01, 2000","Jan 01, 2000",2022-01-26 21:35:56.590740,1.085529854760624
